관리번호,제목,소관부서,시행일,시행여부,첨부파일명,첨부파일링크,담당부서,담당팀,담당자,자료문의,상세본문내용
감2025-21001,예치 방식의 선불충전금 별도관리 기준,전자금융감독국,20250924,시행중,(붙임) 예치 방식의 선불충전금 별도관리 기준.pdf,https://www.fss.or.kr/fss.hpdownload?path=/law/ptl/&file=2242148_20250924092330768_0.pdf&filere=%28%EB%B6%99%EC%9E%84%29+%EC%98%88%EC%B9%98+%EB%B0%A9%EC%8B%9D%EC%9D%98+%EC%84%A0%EB%B6%88%EC%B6%A9%EC%A0%84%EA%B8%88+%EB%B3%84%EB%8F%84%EA%B4%80%EB%A6%AC+%EA%B8%B0%EC%A4%80.pdf,전자금융감독국,지급결제제도팀,박형원 선임조사역,02-3145-8797,"1. 관련근거 - 「금융규제 운영규정」제16조

2. 「전자금융거래법」 제25조의2, 「전자금융거래법 시행령」 제13조의2 등에 따른 선불업자의 예치 방식 선불충전금 별도관리 의무와 관련됩니다.

3. 선불업자가 선불충전금관리기관(은행 등)에 선불충전금을 예치 방식으로 별도관리하는 경우, 선불업자 및 선불충전금관리기관(은행 등)이 준수하여야 할 지침을 아래와 같이 안내하오니, 향후 관련 업무 수행시 유의하여 주시기 바랍니다.

            - 아 래 -            
  - [관리번호] 감2025-21001 
  - [감독행정목적] 선불업자가 선불충전금관리기관(은행 등)에 선불충전금을 예치 방식으로 별도관리하는 경우, 선불업자 및 선불충전금관리기관(은행 등)이 준수하여야 할 지침을 제시
  - [감독행정내용] <붙임> 참조
  - [관련법령]  「전자금융거래법」 제25조의2, 「전자금융거래법 시행령」 제13조의2
  - [내부경영사항 관련] 해당 없음"
감2025-41004,손해사정서 작성 가이드라인,보험감독국,20250917,시행중,2509 손해사정서 작성 가이드라인_FAQ.hwp,https://www.fss.or.kr/fss.hpdownload?path=/law/ptl/&file=2180021_20250916190610709_0.hwp&filere=2509+%EC%86%90%ED%95%B4%EC%82%AC%EC%A0%95%EC%84%9C+%EC%9E%91%EC%84%B1+%EA%B0%80%EC%9D%B4%EB%93%9C%EB%9D%BC%EC%9D%B8_FAQ.hwp,보험감독국,보험제도팀,강영준 선임조사역,02-3145-7475,"1. 관련근거 - 금융규제 운영규정 제16조

2. 2025년 10월 1일부터 시행 예정인 손해사정서 작성 가이드라인을 송부드리니, 붙임을 참고하여 업무수행에 만전을 기하여 주시기 바랍니다. 

3. 아울러, 손해사정 관련 협회에서는 동 가이드라인의 회원사 배포 등 필요한 조치를 실시해주시기 바랍니다. 


            - 아 래 -            
  - [관리번호] 감2025-41004 
  - [감독행정목적] 손해사정서 작성 관련 가이드라인 제시
  - [감독행정내용] 붙임 참조
  - [관련법령]  보험업법 제189조, 보험업감독규정 제9-18조, 보험업감독업무시행세칙 제6-18조 등
  - [내부경영사항 관련] 해당 없음"
감2025-11002,공매도 통합 가이드라인,자본시장감독국,20250616,시행중,2506_감독행정_공매도 통합 가이드라인.hwpx,https://www.fss.or.kr/fss.hpdownload?path=/law/ptl/&file=2170072_20250616142023162_0.hwpx&filere=2506_%EA%B0%90%EB%8F%85%ED%96%89%EC%A0%95_%EA%B3%B5%EB%A7%A4%EB%8F%84+%ED%86%B5%ED%95%A9+%EA%B0%80%EC%9D%B4%EB%93%9C%EB%9D%BC%EC%9D%B8.hwpx,자본시장감독국,증권거래감독팀,김성중 선임조사역,3145-7593,"「ooo」를 아래와 같이 시행하오니 향후 관련 업무 수행에 참고하여 주시기 바랍니다. (예시사항으로, 자유롭게 문구 기재)

            - 아 래 -            
  - [관리번호] 감2025-11002 
  - [감독행정목적] 공매도 거래자가 자체적으로 불법여부를 검증하고 무차입공매도를 스스로 예방·통제할 수 있도록 주요 거래 유형별 세부적인 무차입공매도 판단기준을 포함한 통합 가이드라인을 제시
  - [감독행정내용] 붙임 참조
  - [관련법령]  자본시장법 제180조, 자본시장법 시행령 제208조, 금융투자업규정 제6-30조 등 
  - [내부경영사항 관련] 해당 없음"
감2025-41002,반려동물보험 상품 설계 관련 유의사항 안내,보험계리상품감독국,20250501,시행중,250326_(감독행정)반려동물보험 상품 설계 관련 유의사항 안내.hwp,https://www.fss.or.kr/fss.hpdownload?path=/law/ptl/&file=2200021_20250326094918001_0.hwp&filere=250326_%28%EA%B0%90%EB%8F%85%ED%96%89%EC%A0%95%29%EB%B0%98%EB%A0%A4%EB%8F%99%EB%AC%BC%EB%B3%B4%ED%97%98+%EC%83%81%ED%92%88+%EC%84%A4%EA%B3%84+%EA%B4%80%EB%A0%A8+%EC%9C%A0%EC%9D%98%EC%82%AC%ED%95%AD+%EC%95%88%EB%82%B4.hwp,보험계리상품감독국,보험상품감리팀,강주연 조사역,02-3145-7660,"1. 관련근거 - 「금융규제 운영규정」제16조

2. 「보험업법」 제128조의3, 「보험업감독업무시행세칙」 제5-19조 및 [별표18] 등에 따라 반려동물보험 상품 설계와 관련하여, <붙임>을 참고하여 업무 수행 시 유의하여 주시기 바랍니다.

            - 아 래 -     
       
  - [관리번호] 감2025-41002 
  - [감독행정목적] 반려동물보험 상품 설계시 계약자 역선택 소지를 제거하기 위한 지침을 제시
  - [감독행정내용] <붙임> 참조
  - [관련법령] 「보험업법」 제128조의3, 「보험업감독업무시행세칙」 제5-19조 및 [별표18]
  - [내부경영사항 관련] 해당 없음"
감2024-11005,「내부회계관리제도 평가 및 보고 가이드라인」및 「연결내부회계관리제도 평가·보고 대상범위 선정 가이드라인」 안내,회계감독국,20240101,폐지,(붙임1)내부회계관리제도 평가 및 보고 가이드라인.hwp | (붙임2)연결내부회계관리제도 평가·보고 대상범위 선정 가이드라인.hwp,https://www.fss.or.kr/fss.hpdownload?path=/law/ptl/&file=2230691_20240605155309015_0.hwp&filere=%28%EB%B6%99%EC%9E%841%29%EB%82%B4%EB%B6%80%ED%9A%8C%EA%B3%84%EA%B4%80%EB%A6%AC%EC%A0%9C%EB%8F%84+%ED%8F%89%EA%B0%80+%EB%B0%8F+%EB%B3%B4%EA%B3%A0+%EA%B0%80%EC%9D%B4%EB%93%9C%EB%9D%BC%EC%9D%B8.hwp | https://www.fss.or.kr/fss.hpdownload?path=/law/ptl/&file=2230691_20240605155309035_1.hwp&filere=%28%EB%B6%99%EC%9E%842%29%EC%97%B0%EA%B2%B0%EB%82%B4%EB%B6%80%ED%9A%8C%EA%B3%84%EA%B4%80%EB%A6%AC%EC%A0%9C%EB%8F%84+%ED%8F%89%EA%B0%80%C2%B7%EB%B3%B4%EA%B3%A0+%EB%8C%80%EC%83%81%EB%B2%94%EC%9C%84+%EC%84%A0%EC%A0%95+%EA%B0%80%EC%9D%B4%EB%93%9C%EB%9D%BC%EC%9D%B8.hwp,회계감독국,금융회계팀,양희정 선임조사역,02-3145-7972,"1. 관련근거 - 「금융규제 운영규정」 제16조

 2. 금융감독원은 내부회계관리제도 평가 및 보고와 관련하여 경영진의 책임의식을 제고하고, 연결 내부회계관리제도 평가·보고 대상범위 선정에 대한 실무상 혼란을 방지하기 위해, 「내부회계관리제도 평가 및 보고 가이드라인」과 「연결내부회계관리제도 평가·보고 대상범위 선정 가이드라인」을 (붙임1, 2)와 같이 마련하였습니다.

 3. 이에 (붙임1, 2)를 참고하여 관련 업무 수행에 주의를 기울여 주시기 바랍니다.



            - 아 래 -            

  - [관리번호] 감2024-11005 
  - [감독행정목적] 내부회계관리제도 평가 및 보고 가이드라인, 연결 내부회계관리제도 평가·보고 대상범위 선정 가이드라인 제시
  - [감독행정내용] 붙임 참조
  - [관련법령]  외부감사 및 회계 등에 관한 규정 제6조, 외부감사 및 회계 등에 관한 규정 시행세칙 [별표6] 등
  - [내부경영사항 관련] 해당 없음
    

- [폐지일자] 2024년 12월 23일"
감2024-41006,경영인정기보험 관련 유의사항 안내,보험리스크관리국,20241223,시행중,241223_[감독행정 붙임] 경영인정기보험 유의사항 안내F.hwpx,https://www.fss.or.kr/fss.hpdownload?path=/law/ptl/&file=2110350_20241223153054170_0.hwpx&filere=241223_%5B%EA%B0%90%EB%8F%85%ED%96%89%EC%A0%95+%EB%B6%99%EC%9E%84%5D+%EA%B2%BD%EC%98%81%EC%9D%B8%EC%A0%95%EA%B8%B0%EB%B3%B4%ED%97%98+%EC%9C%A0%EC%9D%98%EC%82%AC%ED%95%AD+%EC%95%88%EB%82%B4F.hwpx,보험리스크관리국,보험상품감리팀,최웅순 조사역,02-3145-7656,"「보험업법」 제128조의3, 「보험업감독업무시행세칙」 제5-19조(보험상품 심사기준) 및 [별표18] 등에 따라 경영인정기보험 상품 운영과 관련하여, <붙임>을 참고하여 업무 수행 시 유의하여 주시기 바랍니다.

            - 아 래 -            
  - [관리번호] 감2024-41006 
  - [감독행정목적] 경영인정기보험의 불완전판매가 지속되어 상품구조상 불건전 영업행위 유발의 원인이 되는 요소를 경감하기 위한 지침을 제시
  - [감독행정내용] <붙임> 참조
  - [관련법령]  보험업법
  - [내부경영사항 관련] 해당 없음"
감2024-41005,보험회사 책임준비금 산출과 관련한 계리적가정 가이드라인,보험리스크관리국,20241206,시행중,보험회사 책임준비금 산출과 관련한 계리적가정 가이드라인_FF.hwp,https://www.fss.or.kr/fss.hpdownload?path=/law/ptl/&file=2220027_20241211154759430_0.hwp&filere=%EB%B3%B4%ED%97%98%ED%9A%8C%EC%82%AC+%EC%B1%85%EC%9E%84%EC%A4%80%EB%B9%84%EA%B8%88+%EC%82%B0%EC%B6%9C%EA%B3%BC+%EA%B4%80%EB%A0%A8%ED%95%9C+%EA%B3%84%EB%A6%AC%EC%A0%81%EA%B0%80%EC%A0%95+%EA%B0%80%EC%9D%B4%EB%93%9C%EB%9D%BC%EC%9D%B8_FF.hwp,보험리스크관리국,보험계리팀,이용세 선임조사역,02-3145-7255,"1. 관련근거 - 금융규제 운영규정 제16조

2. 보험업법 제120조, 보험업법시행령 제63조, 제65조, 보험업감독규정 제6-11조, 제7-2조의2 및 보험업감독업무시행세칙 <별표22>, <별표35> 등에 따른 보험회사 책임준비금 산출과 관련한 계리적가정 가이드라인을 송부하니, 붙임을 참고하여 업무수행에 만전을 기하여 주시기 바랍니다.

3. 동 가이드라인은 '24.4분기 결산부터 적용하는 것을 원칙으로 합니다. 다만, 손해율 가정에 대한 가이드라인은 결산 적용을 위한 준비기간이 필요할 경우 '25.1분기 결산부터 적용할 수 있습니다.


 - 아 래 -

  - [관리번호] 감2024-41005
  - [감독행정목적] 보험회사 책임준비금 산출과 관련한 계리적가정 산출 가이드라인 제시
  - [감독행정내용] 붙임 참조
  - [관련법령] 보험업법 제120조, 보험업법시행령 제63조, 제65조, 보험업감독규정 제6-11조 제7-2조의2 및 보험업감독업무시행세칙 <별표22>, <별표35> 등
  - [내부경영사항 관련] 해당 없음"
감2024-41004,의료비 지출을 보험금 지급대상으로 하는 상품 운영 시 유의사항 안내,보험감독국,20241122,시행중,의료비 지출을 보험금 지급대상으로 하는 상품 운영 시 유의사항 안내.hwp,https://www.fss.or.kr/fss.hpdownload?path=/law/ptl/&file=2170301_20241122084755318_0.hwp&filere=%EC%9D%98%EB%A3%8C%EB%B9%84+%EC%A7%80%EC%B6%9C%EC%9D%84+%EB%B3%B4%ED%97%98%EA%B8%88+%EC%A7%80%EA%B8%89%EB%8C%80%EC%83%81%EC%9C%BC%EB%A1%9C+%ED%95%98%EB%8A%94+%EC%83%81%ED%92%88+%EC%9A%B4%EC%98%81+%EC%8B%9C+%EC%9C%A0%EC%9D%98%EC%82%AC%ED%95%AD+%EC%95%88%EB%82%B4.hwp,보험감독국,보험상품제도팀,신진우 선임조사역,02-3145-7465,"- 아 래 -            

  - [관리번호] 감2024-41004 
  - [감독행정목적] 의료비 지출을 보험금 지급대상으로 하는 보험상품과 관련하여, 의료기관 및 보험가입자의 도덕적 해이, 과잉 의료행위를 유발하거나 보험사기를 조장할 우려가 있으며 고액 의료비 지출에 대한 대가로 고액 보험금을 수령하는 구조가 건강보험 본인부담금 제도를 형해화하고, 의료체계의 왜곡을 유발하는 등 사회적 손실을 유발할 가능성이 있음 
  - [감독행정내용] 국민건강보험법 및 의료급여법 등에 따른 급여 또는 비급여 의료비를 계단식으로 보장하는 등 계약자의 역선택을 조장하여 사회적 손실을 유발하지 않도록 설계할 필요
  - [관련법령]  
  - [내부경영사항 관련] 해당 없음"
감2024-11008,기관 간 RP거래 최소증거금률 가이드라인,자본시장감독국,20240902,시행중,붙임_RP시장 최소증거금률 가이드라인.hwp,https://www.fss.or.kr/fss.hpdownload?path=/law/ptl/&file=2090224_20240830143938295_0.hwp&filere=%EB%B6%99%EC%9E%84_RP%EC%8B%9C%EC%9E%A5+%EC%B5%9C%EC%86%8C%EC%A6%9D%EA%B1%B0%EA%B8%88%EB%A5%A0+%EA%B0%80%EC%9D%B4%EB%93%9C%EB%9D%BC%EC%9D%B8.hwp,자본시장감독국,파생상품시장팀,정민희 수석조사역,02-3145-7605,"1. 관련 근거 : 금융규제 운영규정 제16조, 제2조 제5호

  2. 자본시장과 금융투자업에 관한 법률 제166조 및 동 법 시행령 제181조에 따르면 기관 상호간에 환매조건부매매를 할 경우 대상 증권의 매수자는 담보증권의 특성과 매도자의 신용위험을 반영한 최소증거금률을 설정·적용하여야 합니다. 

  3. 대상 증권의 매수자가 최소증거금률을 설정·적용하지 않을 경우, 동 법 제420조 및 제422조와 [별표1]167에 의해 기관 및 임직원 제재 조치를 받을 수 있습니다. 

  4. 이에 첨부파일과 같이 담보증권의 특성과 매도자의 신용위험을 반영한 최소증거금률 가이드라인을 제시하오니, 동 가이드라인을 참고하여 법령 위반이 발생하지 않도록 업무에 만전을 기하여 주시기 바랍니다. 

            - 아 래 -            

  - [관리번호] 감2024-11008 
  - [감독행정목적] 기관 간 환매조건부매매 시, 대상 증권 매수자가 설정·적용하여야 하는 최소증거금률의 가이드라인 제시
  - [감독행정내용] 붙임 참조
  - [관련법령] 자본시장과 금융투자업에 관한 법률 제166조, 동 법 시행령 제181조 제3항 제1호
  - [내부경영사항 관련] 해당 없음"
감2024-11007,익일 영업개시 전 외환거래에 대한 회계처리 가이드라인,외환감독국,20240701,시행중,240618_익일 영업개시전 외환거래에 대한 회계처리 가이드라인.hwp,https://www.fss.or.kr/fss.hpdownload?path=/law/ptl/&file=2232104_20240618095845139_0.hwp&filere=240618_%EC%9D%B5%EC%9D%BC+%EC%98%81%EC%97%85%EA%B0%9C%EC%8B%9C%EC%A0%84+%EC%99%B8%ED%99%98%EA%B1%B0%EB%9E%98%EC%97%90+%EB%8C%80%ED%95%9C+%ED%9A%8C%EA%B3%84%EC%B2%98%EB%A6%AC+%EA%B0%80%EC%9D%B4%EB%93%9C%EB%9D%BC%EC%9D%B8.hwp,외환감독국,외환건전성감독팀,조지연 선임조사역,02-3145-7930,"- 아 래 -            

  - [관리번호] 감2024-11007 
  - [감독행정목적] 개정된 시행세칙 조항이 취지에 맞게 운용될 수 있도록 익일 영업개시 전 외환거래의 당일 회계처리 필요성 및 실무적 절차 등에 대한 기준을 마련
  - [감독행정내용] 붙임 참조
  - [관련법령]  은행업감독업무시행세칙 [별표4], 금융투자업규정시행세칙 [별표1의1], [별표21]
  - [내부경영사항 관련] 해당 없음"
감2024-31004,증권사 최선집행의무 가이드라인,자본시장감독국,20240620,시행중,증권사 최선집행의무 가이드라인_F.hwp | 증권사 최선집행의무 가이드라인_F.pdf,https://www.fss.or.kr/fss.hpdownload?path=/law/ptl/&file=2130277_20240620150639201_1.hwp&filere=%EC%A6%9D%EA%B6%8C%EC%82%AC+%EC%B5%9C%EC%84%A0%EC%A7%91%ED%96%89%EC%9D%98%EB%AC%B4+%EA%B0%80%EC%9D%B4%EB%93%9C%EB%9D%BC%EC%9D%B8_F.hwp | https://www.fss.or.kr/fss.hpdownload?path=/law/ptl/&file=2130277_20240620150639177_0.pdf&filere=%EC%A6%9D%EA%B6%8C%EC%82%AC+%EC%B5%9C%EC%84%A0%EC%A7%91%ED%96%89%EC%9D%98%EB%AC%B4+%EA%B0%80%EC%9D%B4%EB%93%9C%EB%9D%BC%EC%9D%B8_F.pdf,자본시장감독국,증권거래감독팀,이어진 선임조사역,02-3145-7607,"1. 관련근거 - 금융규제 운영규정 제16조

2. 자본시장법 제68조, 자본시장법 시행령 제66조의2, 자본시장법 시행규칙 제7조의3 및 금융투자업규정 제4-17조의3의 규정 등에 따른 최선집행의무와 관련한 가이드라인을 송부하니, 붙임을 참고하여 업무수행에 만전을 기하여 주시기 바랍니다. 

            - 아 래 -            

  - [관리번호] 감2024-31004 
  - [감독행정목적] 금융투자상품의 매매에 관한 투자자의 청약 또는 주문을 처리하는 경우 최선의 거래조건으로 집행하기 위하여 필요한 사항을 정한 가이드라인 제시
  - [감독행정내용] 붙임 참조 
  - [관련법령] 자본시장법 제68조, 자본시장법 시행령 제66조의2, 자본시장법 시행규칙 제7조의3 및 금융투자업규정 제4-17조의3의 규정 등 
  - [내부경영사항 관련] 해당 없음"
감2024-41003,백내장 수술 관련 실손보험금 지급심사 시 유의사항 안내,보험감독국,20240124,시행중,백내장 수술 관련 실손보험금 지급심사시 유의사항 안내_F.hwpx,https://www.fss.or.kr/fss.hpdownload?path=/law/ptl/&file=2170301_20240124173703955_0.hwpx&filere=%EB%B0%B1%EB%82%B4%EC%9E%A5+%EC%88%98%EC%88%A0+%EA%B4%80%EB%A0%A8+%EC%8B%A4%EC%86%90%EB%B3%B4%ED%97%98%EA%B8%88+%EC%A7%80%EA%B8%89%EC%8B%AC%EC%82%AC%EC%8B%9C+%EC%9C%A0%EC%9D%98%EC%82%AC%ED%95%AD+%EC%95%88%EB%82%B4_F.hwpx,보험감독국,보험상품제도팀,신진우 선임조사역,02-3145-7465,"1. 관련근거 - 「금융규제 운영규정」 제16조

             2.「보험업법」제127조의3(기초서류 기재사항 준수의무) 등에 따라 백내장 수술 관련 실손보험금 지급심사 업무 수행에 만전을 기하여 주시기 바랍니다.
 

            - 아 래 -            

  - [관리번호] 감2024-41003 
  - [감독행정목적] 백내장 수술 관련 실손보험금 지급심사 시 유의사항 안내
  - [감독행정내용] 붙임 참고
  - [관련법령]  보험업법 제127조의3
  - [내부경영사항 관련] 해당 없음"
감2024-41001,보험계약대출 표준모범규준 관련 유의사항 통보,보험감독국,20240118,시행중,감독행정_붙임_보험계약대출 표준모범규준 관련F.hwpx,https://www.fss.or.kr/fss.hpdownload?path=/law/ptl/&file=2231828_20240118095806884_0.hwpx&filere=%EA%B0%90%EB%8F%85%ED%96%89%EC%A0%95_%EB%B6%99%EC%9E%84_%EB%B3%B4%ED%97%98%EA%B3%84%EC%95%BD%EB%8C%80%EC%B6%9C+%ED%91%9C%EC%A4%80%EB%AA%A8%EB%B2%94%EA%B7%9C%EC%A4%80+%EA%B4%80%EB%A0%A8F.hwpx,보험감독국,건전경영팀,이시백 선임조사역,02-3145-7462,"1. 관련근거 - 금융규제 운영규정 제16조

2. 보험업감독업무시행세칙 제3-11조의2(표준모범규준 반영사항) 및 [별표30]에 따르면, 보험계약대출 등의 금리산정과 관련하여 보험협회가 마련한 표준모범규준에 가산금리 항목별 세부적인 내용이 포함되도록 정하고 있습니다.

3. 그러나 표준모범규준이 가산금리 항목별로 세부적인 내용을 명확하게 규정하고 있지 않다보니, 보험회사가 가산금리 산정시 보험계약대출과의 관련도를 충분히 고려하지 않는 등 개선이 필요한 사항이 우리원 점검결과 확인되었습니다.

4. 이에 ‘붙임’을 참고하여 보험회사가 보험계약대출 가산금리 산정시 합리적 기준에 따라 산정될 수 있도록 표준모범규준 관리에 만전을 기하여 주시기 바랍니다. 


            - 아 래 -            

  - [관리번호] 감2024-41001 
  - [감독행정목적] 보험계약대출 표준모범규준 관련 유의사항 통보
  - [감독행정내용] 붙임 참조
  - [관련법령]  보험업감독업무시행세칙 제3-11조의2 및 [별표30]
  - [내부경영사항 관련] 해당 없음"
감2023-21006,은행지주·은행 자체정상화계획 작성지침,은행감독국,20231218,시행중,은행지주·은행 자체정상화계획 작성지침_감독행정.hwp,https://www.fss.or.kr/fss.hpdownload?path=/law/ptl/&file=2180351_20231211205250587_0.hwp&filere=%EC%9D%80%ED%96%89%EC%A7%80%EC%A3%BC%C2%B7%EC%9D%80%ED%96%89+%EC%9E%90%EC%B2%B4%EC%A0%95%EC%83%81%ED%99%94%EA%B3%84%ED%9A%8D+%EC%9E%91%EC%84%B1%EC%A7%80%EC%B9%A8_%EA%B0%90%EB%8F%85%ED%96%89%EC%A0%95.hwp,은행감독국,RRP 전담반,이정환 선임조사역,02-3145-8036,"- 아 래 -            

  - [관리번호] 감2023-21006 
  - [감독행정목적] D-SIFI들의 실효성 있는 자체정상화계획 작성
  - [감독행정내용] 붙임 참조
  - [관련법령]  금융산업구조개선법 시행령 제5조의5, 금융지주회사감독규정 제25조의5 및 <별표4>, 은행업감독규정 제26조의4 및 <별표9>
  - [내부경영사항 관련] 해당 없음"
감2023-41016,부당 보험계약 승환 방지를 위한 비교안내 확인서 표준안 및 유의사항 통보,보험감독국,20231024,시행중,붙임 1. 비교안내 확인서 표준안 1부.pdf | 붙임 2. 부당승환 방지를 위한 유의사항 1부.pdf,https://www.fss.or.kr/fss.hpdownload?path=/law/ptl/&file=2170600_20231024151434991_0.pdf&filere=%EB%B6%99%EC%9E%84+1.+%EB%B9%84%EA%B5%90%EC%95%88%EB%82%B4+%ED%99%95%EC%9D%B8%EC%84%9C+%ED%91%9C%EC%A4%80%EC%95%88+1%EB%B6%80.pdf | https://www.fss.or.kr/fss.hpdownload?path=/law/ptl/&file=2170600_20231024151435019_1.pdf&filere=%EB%B6%99%EC%9E%84+2.+%EB%B6%80%EB%8B%B9%EC%8A%B9%ED%99%98+%EB%B0%A9%EC%A7%80%EB%A5%BC+%EC%9C%84%ED%95%9C+%EC%9C%A0%EC%9D%98%EC%82%AC%ED%95%AD+1%EB%B6%80.pdf,보험감독국,보험제도팀,조수민 검사역,02-3145-7477,"1. 항상 우리원 업무에 적극 협조하여 주셔서 감사드립니다.

2. 우리원에서 승환 제도개선 T/F 운영을 통해 마련한 보험계약 이동에 따른 비교안내 확인서 표준안(’23.12월중 시행)과 유의사항을 송부하오니 관련 업무에 참고하시어 향후 법규 이행에 차질이 없도록 유의하여 주시기 바랍니다.

            - 아 래 - 

  - [관리번호] 감2023-41016 
  - [감독행정목적] 부당 보험계약 승환 방지
  - [감독행정내용] 붙임 참조
  - [관련법령] 보험업법
  - [내부경영사항 관련] 해당 없음

붙임 1. 비교안내 확인서 표준안 1부.
       2. 부당승환 방지를 위한 유의사항 1부.  끝."
감2023-31002,금융거래정보 제출시 유의사항 안내(증권),금융투자검사국,20230911,시행중,(붙임) 금융거래정보 제출시 작성요령 등 유의사항.hwp,https://www.fss.or.kr/fss.hpdownload?path=/law/ptl/&file=2170396_20230911152510114_0.hwp&filere=%28%EB%B6%99%EC%9E%84%29+%EA%B8%88%EC%9C%B5%EA%B1%B0%EB%9E%98%EC%A0%95%EB%B3%B4+%EC%A0%9C%EC%B6%9C%EC%8B%9C+%EC%9E%91%EC%84%B1%EC%9A%94%EB%A0%B9+%EB%93%B1+%EC%9C%A0%EC%9D%98%EC%82%AC%ED%95%AD.hwp,금융투자검사국,검사기획팀,유경민 선임검사역,3145-7014,"1. 관련근거
            - 금융규제 운영규정 제16조

          2. 금융감독원은「금융위원회의 설치 등에 관한 법률」제40조제1항, 제41조,「금융실명거래 및 비밀보장에 관한 법률」제4조제1항제4호, 제4조제2항, 「금융위원회 고시 규정」 [별지 3] 금융거래정보의 제공 요구서에 따라 금융회사 등에 거래정보 등을 요구하고 있습니다.

          3. 한편, 금융회사가 금융거래정보를 제출시 주요 정보들을 기재하지 않은 상태로 제출하여 수정·보완 요구가 반복되는 바, 검사기간이 장기화되는 등 금융회사의 업무부담이 가중되고 있습니다.

          4. 이에 아래와 같이 금융실명법 등에 근거한 금융거래정보 제출시 작성요령 등 유의사항을 안내하오니, 향후 금융거래정보 제출시 주요 정보들이 누락되지 않도록 만전을 기하여 주시기 바랍니다.

          ※ '23.9월 계획중인 증권·선물회사 내부통제 워크숍에서 상세 내용 안내 및 질의응답 예정

            - 아 래 -            

  - [관리번호] 감2023-31002 
  - [감독행정목적] 금융거래정보 제출시 주요 정보 기재 누락 방지
  - [감독행정내용] 붙임 참조
  - [관련법령] 금융위원회의 설치 등에 관한 법률, 금융실명거래 및 비밀보장에 관한 법률 
  - [내부경영사항 관련] 해당 없음"
감2023-11003,금융거래정보 제출시 유의사항 안내(상호금융),상호금융국,20230831,시행중,(붙임) 금융거래정보 제출시 작성요령 등 유의사항.hwp,https://www.fss.or.kr/fss.hpdownload?path=/law/ptl/&file=2120233_20230830093502274_0.hwp&filere=%28%EB%B6%99%EC%9E%84%29+%EA%B8%88%EC%9C%B5%EA%B1%B0%EB%9E%98%EC%A0%95%EB%B3%B4+%EC%A0%9C%EC%B6%9C%EC%8B%9C+%EC%9E%91%EC%84%B1%EC%9A%94%EB%A0%B9+%EB%93%B1+%EC%9C%A0%EC%9D%98%EC%82%AC%ED%95%AD.hwp,상호금융국,검사기획팀,육승현 수석검사역,02-3145-8080,"1. 관련근거
            - 금융규제 운영규정 제16조

          2. 금융감독원은「금융위원회의 설치 등에 관한 법률」제40조제1항, 제41조,「금융실명거래 및 비밀보장에 관한 법률」제4조제1항제4호, 제4조제2항, 「금융위원회 고시 규정」 [별지 3] 금융거래정보의 제공 요구서에 따라 금융회사 등에 거래정보 등을 요구하고 있습니다.

          3. 한편, 금융회사가 금융거래정보를 제출시 주요 정보들을 기재하지 않은 상태로 제출하여 수정·보완 요구가 반복되는 바, 검사기간이 장기화되는 등 금융회사의 업무부담이 가중되고 있습니다.

          4. 이에 아래와 같이 금융실명법 등에 근거한 금융거래정보 제출시 작성요령 등 유의사항을 안내하오니, 귀 중앙회의 소속 조합에 신속히 전파하시어 향후 금융거래정보 제출시 주요 정보들이 누락되지 않도록 만전을 기하여 주시기 바랍니다.

            - 아 래 -            

  - [관리번호] 감2023-11003 
  - [감독행정목적] 금융거래정보 제출시 주요 정보 기재 누락 방지
  - [감독행정내용] 붙임 참조
  - [관련법령] 금융위원회의 설치 등에 관한 법률, 금융실명거래 및 비밀보장에 관한 법률  
  - [내부경영사항 관련] 해당 없음"
감2023-21003,소셜미디어에서의 평판 관리 참고사항 안내,은행감독국,20230829,시행중,(붙임) 소셜미디어에서의 평판 관리 기본원칙.hwp,https://www.fss.or.kr/fss.hpdownload?path=/law/ptl/&file=2160466_20230829091554727_0.hwp&filere=%28%EB%B6%99%EC%9E%84%29+%EC%86%8C%EC%85%9C%EB%AF%B8%EB%94%94%EC%96%B4%EC%97%90%EC%84%9C%EC%9D%98+%ED%8F%89%ED%8C%90+%EA%B4%80%EB%A6%AC+%EA%B8%B0%EB%B3%B8%EC%9B%90%EC%B9%99.hwp,은행감독국,건전경영팀,임성준 선임검사역,02-3145-8053,"- 아 래 -            

  - [관리번호] 감2023-21003 
  - [감독행정목적] 디지털 뱅크런 예방을 위한 소셜미디어에서의 평판 관리 관련 참고사항 안내
  - [감독행정내용] 붙임 참조
  - [관련법령] 은행업감독업무시행세칙 [별표9-2] 
  - [내부경영사항 관련] 해당 없음"
감2023-21002,금융거래정보 제출시 유의사항 안내(은행),은행검사1국,20230828,시행중,(붙임) 금융거래정보 제출시 작성요령 등 유의사항.hwp,https://www.fss.or.kr/fss.hpdownload?path=/law/ptl/&file=2170108_20230828134125427_0.hwp&filere=%28%EB%B6%99%EC%9E%84%29+%EA%B8%88%EC%9C%B5%EA%B1%B0%EB%9E%98%EC%A0%95%EB%B3%B4+%EC%A0%9C%EC%B6%9C%EC%8B%9C+%EC%9E%91%EC%84%B1%EC%9A%94%EB%A0%B9+%EB%93%B1+%EC%9C%A0%EC%9D%98%EC%82%AC%ED%95%AD.hwp,은행검사1국,검사기획팀,김은지 선임조사역,02-3145-7063,"1. 관련근거
            - 금융규제 운영규정 제16조

          2. 금융감독원은「금융위원회의 설치 등에 관한 법률」제40조제1항, 제41조,「금융실명거래 및 비밀보장에 관한 법률」제4조제1항제4호, 제4조제2항, 「금융위원회 고시 규정」 [별지 3] 금융거래정보의 제공 요구서에 따라 금융회사 등에 거래정보 등을 요구하고 있습니다.

          3. 한편, 금융회사가 금융거래정보를 제출시 주요 정보들을 기재하지 않은 상태로 제출하여 수정·보완 요구가 반복되는 바, 검사기간이 장기화되는 등 금융회사의 업무부담이 가중되고 있습니다.

          4. 이에 아래와 같이 금융실명법 등에 근거한 금융거래정보 제출시 작성요령 등 유의사항을 안내하오니, 향후 금융거래정보 제출시 주요 정보들이 누락되지 않도록 만전을 기하여 주시기 바랍니다.

            - 아 래 -            

  - [관리번호] 감2023-21002 
  - [감독행정목적] 금융거래정보 제출시 주요 정보 기재 누락 방지 
  - [감독행정내용] 붙임 참조
  - [관련법령] 금융위원회의 설치 등에 관한 법률, 금융실명거래 및 비밀보장에 관한 법률
  - [내부경영사항 관련] 해당 없음"
감2023-41014,장기기증 공여자에 대한 보험계약 인수시 유의사항 안내,보험감독국,20230828,시행중,붙임_장기기증 공여자에 대한 보험계약인수시 유의사항 안내.hwp,https://www.fss.or.kr/fss.hpdownload?path=/law/ptl/&file=2200633_20230828155151934_0.hwp&filere=%EB%B6%99%EC%9E%84_%EC%9E%A5%EA%B8%B0%EA%B8%B0%EC%A6%9D+%EA%B3%B5%EC%97%AC%EC%9E%90%EC%97%90+%EB%8C%80%ED%95%9C+%EB%B3%B4%ED%97%98%EA%B3%84%EC%95%BD%EC%9D%B8%EC%88%98%EC%8B%9C+%EC%9C%A0%EC%9D%98%EC%82%AC%ED%95%AD+%EC%95%88%EB%82%B4.hwp,보험감독국,특수보험2팀,장셈 선임조사역,02-3145-7479,"1. 관련근거 - 금융규제 운영규정 제16조

2. 장기등 이식에 관한 법률 제3조 등에 따라 장기기증 공여자에 대한 보험계약 인수와 관련하여, 붙임을 참고하여 업무 수행시 유의하여 주시기 바랍니다.


            - 아 래 -            

  - [관리번호] 감2023-41014 
  - [감독행정목적] 장기기증 공여자에 대한 보험계약 인수시 유의사항 안내
  - [감독행정내용] 붙임 참조
  - [관련법령] 장기등 이식에 관한 법률 제3조 제2항 
  - [내부경영사항 관련] 해당 없음"
감2023-51003,금융거래정보 제출시 유의사항 안내(상호저축은행),저축은행검사국,20230816,시행중,(붙임) 금융거래정보 제출시 작성요령 등 유의사항.hwp,https://www.fss.or.kr/fss.hpdownload?path=/law/ptl/&file=2210129_20230816094725122_0.hwp&filere=%28%EB%B6%99%EC%9E%84%29+%EA%B8%88%EC%9C%B5%EA%B1%B0%EB%9E%98%EC%A0%95%EB%B3%B4+%EC%A0%9C%EC%B6%9C%EC%8B%9C+%EC%9E%91%EC%84%B1%EC%9A%94%EB%A0%B9+%EB%93%B1+%EC%9C%A0%EC%9D%98%EC%82%AC%ED%95%AD.hwp,저축은행검사국,검사3팀,김성수 선임조사역,02-3145-7403,"1. 관련근거
            - 금융규제 운영규정 제16조

          2. 금융감독원은「금융위원회의 설치 등에 관한 법률」제40조제1항, 제41조,「금융실명거래 및 비밀보장에 관한 법률」제4조제1항제4호, 제4조제2항, 「금융위원회 고시 규정」 [별지 3] 금융거래정보의 제공 요구서에 따라 금융회사 등에 거래정보 등을 요구하고 있습니다.

          3. 한편, 금융회사가 금융거래정보를 제출시 주요 정보들을 기재하지 않은 상태로 제출하여 수정·보완 요구가 반복되는 바, 검사기간이 장기화되는 등 금융회사의 업무부담이 가중되고 있습니다.

          4. 이에 아래와 같이 금융실명법 등에 근거한 금융거래정보 제출시 작성요령 등 유의사항을 안내하오니, 향후 금융거래정보 제출시 주요 정보들이 누락되지 않도록 만전을 기하여 주시기 바랍니다.

            - 아 래 -            

  - [관리번호] 감2023-51003 
  - [감독행정목적] 금융거래정보 제출시 주요 정보 기재 누락 방지
  - [감독행정내용] 붙임 참조
  - [관련법령] 금융위원회의 설치 등에 관한 법률, 금융실명거래 및 비밀보장에 관한 법률
  - [내부경영사항 관련] 해당 없음"
감2023-41012,불합리한 상품개발·판매 관련 유의사항,보험감독국,20230719,시행중,감독행정_붙임.hwpx,https://www.fss.or.kr/fss.hpdownload?path=/law/ptl/&file=2110303_20230719111606190_0.hwpx&filere=%EA%B0%90%EB%8F%85%ED%96%89%EC%A0%95_%EB%B6%99%EC%9E%84.hwpx,보험감독국,특수보험2팀,이강현 수석조사역,02-3145-7465,"- 아 래 -            

  - [관리번호] 감2023-41012 
  - [감독행정목적] 소비자 피해방지 및 보험회사 건전성 제고
  - [감독행정내용] 붙임 참조
  - [관련법령]  보험업감독업무시행세칙 제5-19조 및 [별표18]
  - [내부경영사항 관련] 해당 없음"
감2023-41008,보험회사 책임준비금 및 수익인식 가이드라인,보험리스크제도실,20230620,폐지,보험회사 책임준비금 산출 및 수익인식 가이드라인_FFF.hwp,https://www.fss.or.kr/fss.hpdownload?path=/law/ptl/&file=2150155_20230620132451817_0.hwp&filere=%EB%B3%B4%ED%97%98%ED%9A%8C%EC%82%AC+%EC%B1%85%EC%9E%84%EC%A4%80%EB%B9%84%EA%B8%88+%EC%82%B0%EC%B6%9C+%EB%B0%8F+%EC%88%98%EC%9D%B5%EC%9D%B8%EC%8B%9D+%EA%B0%80%EC%9D%B4%EB%93%9C%EB%9D%BC%EC%9D%B8_FFF.hwp,보험리스크제도실,보험리스크총괄팀,봉은정 선임조사역,02-3145-7248,"- 아 래 -            

  - [관리번호] 감2023-41008 
  - [감독행정목적] 보험회사 책임준비금 산출 및 수익인식 가이드라인 제시
  - [감독행정내용] 붙임 참조
  - [관련법령] 보험업법 제120조, 보험업법시행령 제63조, 제65조, 보험업감독규정 제6-11조 제7-2조의2 및 보험업감독업무시행세칙 <별표22>, <별표35> 등 
  - [내부경영사항 관련] 해당 없음

  - 폐지일자 : 2024.8.21.
  - 폐지사유 : 「보험업감독업무시행세칙」 [별표35]에 반영(2024.1.1. 시행)되어 감독행정의 유지 필요성 없음.  끝."
감2023-31001,특수집합투자기구 운용 관련 유의사항 안내,자산운용감독국,20230613,시행중,특수집합투자기구 운용 관련 유의사항.hwpx | 특수집합투자기구 운용 관련 유의사항.pdf,https://www.fss.or.kr/fss.hpdownload?path=/law/ptl/&file=2160092_20230615162916250_0.hwpx&filere=%ED%8A%B9%EC%88%98%EC%A7%91%ED%95%A9%ED%88%AC%EC%9E%90%EA%B8%B0%EA%B5%AC+%EC%9A%B4%EC%9A%A9+%EA%B4%80%EB%A0%A8+%EC%9C%A0%EC%9D%98%EC%82%AC%ED%95%AD.hwpx | https://www.fss.or.kr/fss.hpdownload?path=/law/ptl/&file=2160092_20230615162916263_1.pdf&filere=%ED%8A%B9%EC%88%98%EC%A7%91%ED%95%A9%ED%88%AC%EC%9E%90%EA%B8%B0%EA%B5%AC+%EC%9A%B4%EC%9A%A9+%EA%B4%80%EB%A0%A8+%EC%9C%A0%EC%9D%98%EC%82%AC%ED%95%AD.pdf,자산운용감독국,자산운용제도팀,김상우 선임조사역,02-3145-6719,"1. 관련근거 : 「금융규제 운영규정」 제16조

          2. 「자본시장과 금융투자업에 관한 법률」 제40조에 따른 겸영업무 영위 및 제85조에 따른 집합투자업자의 불건전 영업행위와 관련하여, 붙임을 참고하시어 업무 수행 시 유의하여 주시기 바랍니다. 

            - 아 래 -            

  - [관리번호] 감2023-31001 
  - [감독행정목적] 특수집합투자기구 운용 관련 유의사항
  - [감독행정내용] 붙임 참조
  - [관련법령]  자본시장과 금융투자업에 관한 법률 등
  - [내부경영사항 관련] 해당 없음"
감2023-41006,신의료기술 관련 실손보험금 지급심사 및 소송 진행시 유의사항,보험감독국,20230609,시행중,신의료기술 관련 실손보험금 지급심사 및 소송 진행 시 유의사항 안내.hwp,https://www.fss.or.kr/fss.hpdownload?path=/law/ptl/&file=2200633_20230608085755398_0.hwp&filere=%EC%8B%A0%EC%9D%98%EB%A3%8C%EA%B8%B0%EC%88%A0+%EA%B4%80%EB%A0%A8+%EC%8B%A4%EC%86%90%EB%B3%B4%ED%97%98%EA%B8%88+%EC%A7%80%EA%B8%89%EC%8B%AC%EC%82%AC+%EB%B0%8F+%EC%86%8C%EC%86%A1+%EC%A7%84%ED%96%89+%EC%8B%9C+%EC%9C%A0%EC%9D%98%EC%82%AC%ED%95%AD+%EC%95%88%EB%82%B4.hwp,보험감독국,특수보험2팀,장셈 선임조사역,02-3145-7479,"1. 관련근거 - 금융규제 운영규정 제16조

2. 보험업법 제127조의3 및 금융회사의 지배구조 감독규정 제11조 등에 따라 신의료기술 관련 실손보험금 지급심사 및 소송진행과 관련하여, 붙임을 참고하여 업무 수행시 유의하여 주시기 바랍니다. 


            - 아 래 -            

  - [관리번호] 감2023-41006 
  - [감독행정목적] 신의료기술 관련 실손보험금 지급심사 및 소송 진행시 유의사항
  - [감독행정내용] 붙임 참조
  - [관련법령] 보험업법 제127조의3 및 금융회사의 지배구조 감독규정 제11조 등
  - [내부경영사항 관련] 해당 없음


붙임 : 신의료기술 관련 실손보험금 지급심사 및 소송 진행 시 유의사항 안내. 끝."
감2023-41005,화재보험 모집 및 인수시 유의사항,보험감독국,20230601,시행중,(붙임) 화재보험 모집 및 인수시 유의사항 안내.hwpx,https://www.fss.or.kr/fss.hpdownload?path=/law/ptl/&file=2190114_20230601142013202_0.hwpx&filere=%28%EB%B6%99%EC%9E%84%29+%ED%99%94%EC%9E%AC%EB%B3%B4%ED%97%98+%EB%AA%A8%EC%A7%91+%EB%B0%8F+%EC%9D%B8%EC%88%98%EC%8B%9C+%EC%9C%A0%EC%9D%98%EC%82%AC%ED%95%AD+%EC%95%88%EB%82%B4.hwpx,보험감독국,특수보험2팀,김남혁 선임조사역,02-3145-7470,"1. 관련근거 - 금융규제 운영규정 제16조

2. 금융소비자 보호에 관한 법률 제16조 및 제19조 등에 따라 화재보험 모집 및 인수 운영과 관련하여, 붙임을 참고하여 업무 수행시 유의하여 주시기 바랍니다.


            - 아 래 -            

  - [관리번호] 감2023-41005 
  - [감독행정목적] 화재보험 모집 및 인수시 유의사항
  - [감독행정내용] 붙임 참조
  - [관련법령] 금융소비자 보호에 관한 법률 제16조 및 제19조 등
  - [내부경영사항 관련] 해당 없음

붙임 : 화재보험 모집 및 인수시 유의사항 안내. 끝."
감2023-11001,전자금융사고 최초보고시 유의사항 안내,IT검사국,20230424,시행중,230418_전자금융사고 최초보고시 유의사항 안내.hwp,https://www.fss.or.kr/fss.hpdownload?path=/law/ptl/&file=2180159_20230418171620824_0.hwp&filere=230418_%EC%A0%84%EC%9E%90%EA%B8%88%EC%9C%B5%EC%82%AC%EA%B3%A0+%EC%B5%9C%EC%B4%88%EB%B3%B4%EA%B3%A0%EC%8B%9C+%EC%9C%A0%EC%9D%98%EC%82%AC%ED%95%AD+%EC%95%88%EB%82%B4.hwp,IT검사국,검사기획팀,김진원 선임조사역,02-3145-7429,"- 아 래 -            

  - [관리번호] 감2023-11001 
  - [감독행정목적] 전자금융감독규정 제73조에 따른 전자금융사고 최초보고 기한 안내
  - [감독행정내용] 최초보고 기한을 24시간 이내로 안내
  - [관련법령] 전자금융감독규정 제73조 및 전자금융감독규정시행세칙 제12조제1항제1호
  - [내부경영사항 관련] 해당 없음"
감2023-41004,형사합의금 및 변호사선임비용 가입금액 운영시 유의사항,보험감독국,20230327,시행중,붙임_형사합의금 및 변호사선임비용 가입금액 운영시 유의사항 안내 F.hwp,https://www.fss.or.kr/fss.hpdownload?path=/law/ptl/&file=2131226_20230327105234252_0.hwp&filere=%EB%B6%99%EC%9E%84_%ED%98%95%EC%82%AC%ED%95%A9%EC%9D%98%EA%B8%88+%EB%B0%8F+%EB%B3%80%ED%98%B8%EC%82%AC%EC%84%A0%EC%9E%84%EB%B9%84%EC%9A%A9+%EA%B0%80%EC%9E%85%EA%B8%88%EC%95%A1+%EC%9A%B4%EC%98%81%EC%8B%9C+%EC%9C%A0%EC%9D%98%EC%82%AC%ED%95%AD+%EC%95%88%EB%82%B4+F.hwp,보험감독국,특수보험2팀,최영석 팀장,02-3145-7464,"1. 관련근거 - 금융규제 운영규정 제16조

2. 보험업감독업무시행세칙 제5-19조(보험상품 심사기준) 및 [별표18] 등에 따라 형사합의금 및 변호사선임비용 가입금액 운영과 관련하여, 붙임을 참고하여 업무 수행시 유의하여 주시기 바랍니다.

            - 아 래 -            

  - [관리번호] 감2023-41004 
  - [감독행정목적] 형사합의금 및 변호사선임비용 가입금액 운영시 유의사항 
  - [감독행정내용] 붙임 참조
  - [관련법령] 보험업감독업무시행세칙 제5-19조 및 [별표18] 
  - [내부경영사항 관련] 해당 없음

붙임 : 형사합의금 및 변호사선임비용 가입금액 운영시 유의사항 안내. 끝."
감2021-33001,집합투자기구의 총액인수수수료 회계처리 관련 유의사항 안내,자산운용검사국,20210624,시행중,붙임1_총액인수수수료 회계처리 관련 유의사항 안내_F.hwp | 붙임2_총액인수수수료 회계처리 관련 자료제출 양식.xlsx,https://www.fss.or.kr/fss.hpdownload?path=/law/ptl/&file=2070499_20210624103309987_0.hwp&filere=%EB%B6%99%EC%9E%841_%EC%B4%9D%EC%95%A1%EC%9D%B8%EC%88%98%EC%88%98%EC%88%98%EB%A3%8C+%ED%9A%8C%EA%B3%84%EC%B2%98%EB%A6%AC+%EA%B4%80%EB%A0%A8+%EC%9C%A0%EC%9D%98%EC%82%AC%ED%95%AD+%EC%95%88%EB%82%B4_F.hwp | https://www.fss.or.kr/fss.hpdownload?path=/law/ptl/&file=2070499_20210624103309990_1.xlsx&filere=%EB%B6%99%EC%9E%842_%EC%B4%9D%EC%95%A1%EC%9D%B8%EC%88%98%EC%88%98%EC%88%98%EB%A3%8C+%ED%9A%8C%EA%B3%84%EC%B2%98%EB%A6%AC+%EA%B4%80%EB%A0%A8+%EC%9E%90%EB%A3%8C%EC%A0%9C%EC%B6%9C+%EC%96%91%EC%8B%9D.xlsx,자산운용검사국,검사2팀,한광종 선임조사역,02-3145-7643,"1. 관련근거 -금융규제 운영규정 제16조

2. 집합투자기구의 총액인수수수료 회계처리와 관련하여 유의사항을 송부하오니 <붙임1>을 참고하여 관련 업무 수행시 만전을 기하여 주시기 바라며, 총액인수수수료 회계처리를 변경해야하는 등 해당사항이 있을 경우 <붙임2>를 참고하여 ’21.9.8.까지 우리원에 제출하여 주시기 바랍니다.


-  아    래  -

 - [관리번호] 감2021-33001
 - [지도목적] 집합투자기구의 총액인수수수료 회계처리 관련 유의사항 안내
 - [지도내용] 붙임 참조
 - [유효기간] 해당사항 없음
 - [담당자] 금융감독원 자산운용검사국 검사2팀 황인욱 선임검사역
 - [관련법령] 자본시장법 제240조
 - [내부경영사항 관련] 해당 없음

 붙임 1 : 집합투자기구의 총액인수수수료 회계처리 관련 유의사항 안내 1부.
 붙임 2 : 집합투자기구의 총액인수수수료 관련 자료제출 양식 1부.  끝."
감2021-41004,백내장 수술 유의사항 안내,보험사기대응단,20210602,폐지,공문 붙임_백내장수술 보험사기 가능성 분석.hwp | 공문 본문_백내장 수술 유의사항 안내.hwpx,https://www.fss.or.kr/fss.hpdownload?path=/law/ptl/&file=2190139_20210604141033955_0.hwp&filere=%EA%B3%B5%EB%AC%B8+%EB%B6%99%EC%9E%84_%EB%B0%B1%EB%82%B4%EC%9E%A5%EC%88%98%EC%88%A0+%EB%B3%B4%ED%97%98%EC%82%AC%EA%B8%B0+%EA%B0%80%EB%8A%A5%EC%84%B1+%EB%B6%84%EC%84%9D.hwp | https://www.fss.or.kr/fss.hpdownload?path=/law/ptl/&file=2170065_20230327132513738_0.hwpx&filere=%EA%B3%B5%EB%AC%B8+%EB%B3%B8%EB%AC%B8_%EB%B0%B1%EB%82%B4%EC%9E%A5+%EC%88%98%EC%88%A0+%EC%9C%A0%EC%9D%98%EC%82%AC%ED%95%AD+%EC%95%88%EB%82%B4.hwpx,보험사기대응단,보험조사팀,이건우 수석검사역,02-3145-8741,"백내장은 노화로 대부분 사람에게 발생할 수 있고, 최근 급격히 증가되는 질병입니다. 우리원이 백내장 관련 보험금을 분석한 결과, 최근 5년간 백내장 수술은 40% 증가한 반면 백내장 관련 보험금은 354% 증가하였습니다.

또한 ① 보험사기 전력자의 백내장 수술 과다, ② 보험사기 혐의보고 급증, ③ 보험금 중복 수령이 빈번한 점을 고려할 때 병원 및 환자의 모럴해저드가 우려됩니다.

특히, 보험금 규모가 크고 급증하고 있으며 실손 보험금에서 차지하는 비중이 증가하고 있어 소비자에게 미치는 영향이 중대합니다. 이에 보험회사는 백내장 관련 보험사기 행위 예방을 위해 계약심사 등 관련 업무 수행에 주의를 기울여 주시기 바랍니다.

아울러, 각 보험회사는「보험사기방지 특별법」 등에서 정한 사유 이외에 보험사고 조사를 이유로 보험금의 지급을 지체 또는 거절하거나 삭감하여 지급하는 사례가 없도록 만전을 기하여 주시기 바랍니다. 


            - 아 래 -            

  - [관리번호]  감2021-41004
  - [감독행정목적] 백내장 수술 유의사항 안내
  - [감독행정내용] 붙임 참조
  - [관련법령]  금융회사 지배구조 감독규정 별표3(내부통제기준에 포함해야 하는 사항) 2. 해당 금융회사가 보험회사인 경우 라. 보험사기행위 예방 및 보험리스크 관리를 위해 계약심사시 따라야 할 절차와 기준
  - [내부경영사항 관련] 해당 없음

 [폐지일자] 2024.05.10
 [폐지사유] 「보험사기예방모범규준」에 반영(제12조의1 등, 2022.04.27.)되어 감독행정 유지 불요.  끝."
감2021-43002,간편심사보험 보험금 지급 관련 유의사항 안내,보험감독국,20210210,폐지,붙임_간편심사보험 보험금 지급 관련 유의사항 안내.hwp,https://www.fss.or.kr/fss.hpdownload?path=/law/ptl/&file=2010580_20210210155833539_0.hwp&filere=%EB%B6%99%EC%9E%84_%EA%B0%84%ED%8E%B8%EC%8B%AC%EC%82%AC%EB%B3%B4%ED%97%98+%EB%B3%B4%ED%97%98%EA%B8%88+%EC%A7%80%EA%B8%89+%EA%B4%80%EB%A0%A8+%EC%9C%A0%EC%9D%98%EC%82%AC%ED%95%AD+%EC%95%88%EB%82%B4.hwp,보험감독국,특수보험2팀,최영석 팀장,02-3145-7464,"1. 관련근거 -「금융규제 운영규정」 제16조

            2. 「보험업법」 제127조의3(기초서류 기재사항 준수의무) 등에 의거 간편심사보험의 보험금 지급업무와 관련된 유의사항을 송부하오니 을 참고하여 관련 업무 수행시 만전을 기하여 주시기 바랍니다.


붙    임   : 간편심사보험 보험금 지급 관련 유의사항 안내 1부. 끝.



                                      - 아     래 -

- [관리번호] 감2021-43002
- [지도목적] 간편심사보험 보험금 지급 관련 유의사항 안내
- [지도내용] 붙임 참조
- [유효기간] 해당사항 없음
- [관련법령] 보험업법 제127조의3
- [내부경영사항 관련] 해당 없음


- [폐지일자] 2024.08.30
- [폐지사유] 감독행정 이행 완료에 따른 폐지. 끝."
감2021-41003,보증비용 산정 관련 유의사항 안내,보험감독국,20210210,폐지,붙임_보증비용 산정 관련 유의사항 안내.hwp,https://www.fss.or.kr/fss.hpdownload?path=/law/ptl/&file=2010580_20210210152005383_0.hwp&filere=%EB%B6%99%EC%9E%84_%EB%B3%B4%EC%A6%9D%EB%B9%84%EC%9A%A9+%EC%82%B0%EC%A0%95+%EA%B4%80%EB%A0%A8+%EC%9C%A0%EC%9D%98%EC%82%AC%ED%95%AD+%EC%95%88%EB%82%B4.hwp,보험감독국,특수보험2팀,이강현 수석조사역,02-3145-7465,"1. 관련근거 -「금융규제 운영규정」 제16조

            2. 「보험업법」 제129조(보험요율 산출의 원칙)에 의거 보증비용 산정과 관련된 유의사항을 송부하오니 <붙임>을 참고하여 관련 업무 수행시 만전을 기하여 주시기 바랍니다.


붙    임   : 보증비용 산정 관련 유의사항 안내 1부. 끝. 

                 - 아 래 -           

  - [관리번호] 감2021-41003
  - [감독행정목적] 보증비용 산정 관련 유의사항 안내
  - [감독행정내용] 붙임참조
  - [관련법령] 보험업법 제129조
  - [내부경영사항 관련] 해당 없음


  - [폐지일자] 2024.08.30
  - [폐지사유] 감독행정 이행 완료에 따른 폐지.  끝."
감2021-41001,간편심사보험 보험금 지급시 유의사항 안내,보험감독국,20210128,폐지,붙임_간편심사보험 보험금 지급관련 유의사항.hwp,https://www.fss.or.kr/fss.hpdownload?path=/law/ptl/&file=2150582_20210127164723015_0.hwp&filere=%EB%B6%99%EC%9E%84_%EA%B0%84%ED%8E%B8%EC%8B%AC%EC%82%AC%EB%B3%B4%ED%97%98+%EB%B3%B4%ED%97%98%EA%B8%88+%EC%A7%80%EA%B8%89%EA%B4%80%EB%A0%A8+%EC%9C%A0%EC%9D%98%EC%82%AC%ED%95%AD.hwp,보험감독국,특수보험2팀,최영석 팀장,02-3145-7464,"1. 관련근거 -금융규제 운영규정 제16조

2.  보험업법 제127조의3(기초서류 기재사항 준수의무) 등에 따라  붙임을 참고하여 보험금 지급 업무시 유의하여 주시기 바랍니다.


                             - 아 래 -

- [관리번호] 감2021-41001
- [지도목적] 간편심사보험 보험금 지급시 유의사항 안내
- [지도내용] 붙임 참조
- [유효기간] 해당사항 없음
- [관련법령] 보험업법 제127조의3
- [내부경영사항 관련] 해당 없음

붙임 : 간편심사보험 보험금 지급시 유의사항 안내 1부. 끝.


- [폐지일자] 2024.08.30
- [폐지사유] 감독행정 이행 완료에 따른 폐지. 끝."
감2021-41002,간편심사보험 및 비통계요율 운영시 유의사항 안내,보험감독국,20210128,폐지,210114_간편심사보험 등 감독행정_F.hwp,https://www.fss.or.kr/fss.hpdownload?path=/law/ptl/&file=2200051_20211108135452482_0.hwp&filere=210114_%EA%B0%84%ED%8E%B8%EC%8B%AC%EC%82%AC%EB%B3%B4%ED%97%98+%EB%93%B1+%EA%B0%90%EB%8F%85%ED%96%89%EC%A0%95_F.hwp,보험감독국,특수보험2팀,최영석 팀장,02-3145-7464,"1. 관련근거 -금융규제 운영규정 제16조

2. 보험업법제128조의3(기초서류 작성ㆍ변경 원칙) 및 동 법 제129조(보험요율 산출의 원칙) 등에 따라  붙임을 참고하여 기초서류 작성 및 보험요율 산출 업무시 유의하여 주시기 바랍니다.


                             - 아 래 -

- [관리번호] 감2021-41002
- [지도목적] 간편심사보험 및 비통계요율 운영시 유의사항 안내
- [지도내용] 붙임 참조
- [유효기간] 해당사항 없음
- [관련법령] 보험업법 제128조의3, 동 법 제129조
- [내부경영사항 관련] 해당 없음

붙임 : 1. 간편심사보험 대기기간 운영관련 유의사항 안내 1부
         2. 비통계요율 운영관련 유의사항 안내 1부. 끝.


- [폐지일자] 2024.08.30
- [폐지사유] 감독행정 이행 완료에 따른 폐지. 끝."
감2020-41006,예정손해조사비 산출관련 유의사항 안내,보험감독국,20201105,폐지,붙임_예정손해조사비 산출 유의사항 안내.hwp,https://www.fss.or.kr/fss.hpdownload?path=/law/ptl/&file=2150582_20201105104545808_0.hwp&filere=%EB%B6%99%EC%9E%84_%EC%98%88%EC%A0%95%EC%86%90%ED%95%B4%EC%A1%B0%EC%82%AC%EB%B9%84+%EC%82%B0%EC%B6%9C+%EC%9C%A0%EC%9D%98%EC%82%AC%ED%95%AD+%EC%95%88%EB%82%B4.hwp,보험감독국,특수보험2팀,이강현 수석조사역,02-3145-7465,"1. 관련근거 -금융규제 운영규정 제16조

2. 「보험업법」 제129조(보험요율의 산출원칙)  등에 따라 예정손해조사비 산출과 관련 붙임을 참고하여 업무 수행시 유의하여 주시기 바랍니다.


                             - 아 래 -

- [관리번호] 감2020-41006
- [지도목적] 예정손해조사비 산출관련 유의사항 안내
- [지도내용] 붙임 참조
- [유효기간] 해당사항 없음
- [관련법령] 보험업법 제129조
- [내부경영사항 관련] 해당 없음

붙임 : 예정손해조사비 산출관련 유의사항 안내 1부. 끝.


- [폐지일자] 2024.08.30
- [폐지사유] 감독행정 이행 완료에 따른 폐지. 끝."
감2020-41005,보험상품명 작성 관련 유의사항 안내,보험감독국,20200907,폐지,20200907_보험상품명 작성 관련 유의사항 안내_감독행정실시_FF.hwp,https://www.fss.or.kr/fss.hpdownload?path=/law/ptl/&file=2080170_20200907100321043_0.hwp&filere=20200907_%EB%B3%B4%ED%97%98%EC%83%81%ED%92%88%EB%AA%85+%EC%9E%91%EC%84%B1+%EA%B4%80%EB%A0%A8+%EC%9C%A0%EC%9D%98%EC%82%AC%ED%95%AD+%EC%95%88%EB%82%B4_%EA%B0%90%EB%8F%85%ED%96%89%EC%A0%95%EC%8B%A4%EC%8B%9C_FF.hwp,보험감독국,특수보험2팀,심재민 선임조사역,02-3145-7468,"1. 관련근거 - 「금융규제 운영규정」 제16조 등

           2.「보험업감독업무시행세칙」제5-19조 및 <별표18> 보험상품심사기준 등에 의거 보험상품명 작성 관련 유의사항을 송부하오니 관련 업무 수행에 만전을 기하여 주시기 바랍니다. 끝.


                                 - 아  래 -
          
             [관리번호] 감2020-41005
             [지도목적] 보험상품명 작성 관련 유의사항 안내
             [지도내용] 붙임 참조
             [유효기간] 해당사항 없음
             [관련법령] 보험업감독업무시행세칙 제5-19조 및 <별표18> 보험상품심사기준
             [내부경영사항 관련] 해당없음

             [폐지일자] 2024.08.30
             [폐지사유] 감독행정 이행 완료에 따른 폐지. 끝."
감2017-31003,부동산·특별자산펀드 등 자문수수료 지급 관련 내부통제 보완 필요사항 통보,자산운용감독국,20170718,폐지,(붙임) 자문계약 관련 내부통제 보완 필요사항F.hwp,https://www.fss.or.kr/fss.hpdownload?path=/law/ptl/&file=2160288_20170718111343104_0.hwp&filere=%28%EB%B6%99%EC%9E%84%29+%EC%9E%90%EB%AC%B8%EA%B3%84%EC%95%BD+%EA%B4%80%EB%A0%A8+%EB%82%B4%EB%B6%80%ED%86%B5%EC%A0%9C+%EB%B3%B4%EC%99%84+%ED%95%84%EC%9A%94%EC%82%AC%ED%95%ADF.hwp,자산운용감독국,자산운용감독국 자산운용총괄팀,박윤나 선임조사역,02-3145-6720,"1. 관련근거 - 금융규제 운영규정 제16조

          2. 자산운용사는 「자본시장과 금융투자업에 관한 법률」 제79조제1항 및 제2항에 따라 투자자에 대하여 선량한 관리자의 주의로써 집합투자재산을 운용하고, 투자자의 이익을 보호하기 위하여 업무를 충실하게 수행하여야 할 의무가 있습니다. 또한, 「금융회사의 지배구조에 관한 법률」 제24조 및 동법 시행령 제19조제7항에 따라 임직원의 금융관계법령 위반행위 등을 방지하기 위한 절차나 기준을 내부통제기준에 마련하여야합니다.

          3. 우리원이 자산운용사의 부동산펀드의 자문수수료 지급실태를 전수 점검한 결과, 자문계약의 적정성 검토, 내부 승인절차 및 증빙구비 등 관련 내부통제가 미흡한 사례가 다수 발견되었습니다.

          4. 이에 부동산펀드 등 자문계약 관련 내부통제 보완 필요사항을 통보하오니 ‘붙임’을 참고하여 자문계약 체결 및 자문수수료 지급 관련 내부통제기준을 구체적으로 마련함으로써 펀드운용의 투명성이 제고될 수 있도록 만전을 기하여 주시기 바랍니다.


붙임 : 부동산펀드 등 자문수수료 지급 관련 내부통제 보완 필요사항 1부. 끝.


- [관리번호] 감2017-31003
- [지도목적] 부동산펀드 등 자문수수료 지급 관련 내부통제 보완 
- [지도내용] 붙임 참조
- [유효기간] 해당사항 없음
- [관련법령] 자본시장과 금융투자업에 관한 법률, 금융회사의 지배구조에 관한 법률
- [내부경영사항 관련] 해당 없음"
감2020-41003,한국표준질병·사인분류(KCD) 적용 및 보험금 지급시 유의사항 안내,보험감독국,20200121,폐지,한국표준질병·사인분류(KCD) 적용 및 보험금 지급시 유의사항 안내.hwp,https://www.fss.or.kr/fss.hpdownload?path=/law/ptl/&file=2131226_20200121175111106_0.hwp&filere=%ED%95%9C%EA%B5%AD%ED%91%9C%EC%A4%80%EC%A7%88%EB%B3%91%C2%B7%EC%82%AC%EC%9D%B8%EB%B6%84%EB%A5%98%28KCD%29+%EC%A0%81%EC%9A%A9+%EB%B0%8F+%EB%B3%B4%ED%97%98%EA%B8%88+%EC%A7%80%EA%B8%89%EC%8B%9C+%EC%9C%A0%EC%9D%98%EC%82%AC%ED%95%AD+%EC%95%88%EB%82%B4.hwp,보험감독국,특수보험2팀,최영석 팀장,02-3145-7464,"1. 관련근거 - 「금융규제 운영규정」 제16조

             2.「보험업법」제127조의3(기초서류 기재사항 준수의무) 등에 따라 한국표준질병˙사인분류(KCD) 적용 보험상품에 대한 보험금 지급 업무 수행에 만전을 기하여 주시기 바랍니다.

                                 - 아  래 -
          
             [관리번호] 감2020-41003
             [지도목적] 한국표준질병˙사인분류(KCD) 적용 및 보험금 지급 철저
             [지도내용] 붙임 참조
             [유효기간] 해당사항 없음
             [관련법령] 보험업법 제127조의3
             [내부경영사항 관련] 해당없음

붙임 : 한국표준질병·사인분류(KCD) 적용 및 보험금 지급시 유의사항 안내 1부. 끝.


             [폐지일자] 2024.08.30
             [폐지사유] 감독행정 이행 완료에 따른 폐지. 끝."
감2019-11003,사기이용계좌 명의인 정보공유 확대 실시,불법금융대응단,20191126,폐지,,,불법금융대응단,불법금융대응단 금융사기대응팀,구소원 검사역,02-3145-8123,"1. 관련근거
  - 「금융규제 운영규정」 제16조

2. 전기통신금융사기 방지대책 협의회('18.12.18.)시 상습 사기이용계좌 명의인에 대한 정보공유 강화 필요성이 제기된 바 있습니다.

3. 이와 관련하여 동 협의회에서 마련한 「전기통신금융사기 방지 종합대책」에 따라 계좌 개설 등 금융거래시 참고·활용할 수 있도록 사기이용계좌 명의인 정보를 은행연합회 등을 통해 3년간 금융권내 공유할 수 있도록 적극 협조하여 주시기 바랍니다.

     - 아  래 -

   - [관리번호] 감2019-11003
   - [지도목적] 전기통신금융사기 피해방지
   - [관련법령] 전기통신금융사기 피해 방지 및 피해금 환급에 관한 특별법 제2조의2 제1항?제2항, 제15조제1항 및동법 시행령 제2조의2
   - [내부경영사항 관련] 해당 없음"
감2019-41008,보험사기로 할증된 자동차보험료 환급업무 관련 유의사항 송부,보험사기대응단,20191107,폐지,공문_보험사기로 할증된 자동차보험료 환급업무 관련 유의사항 송부_Body.hwp,https://www.fss.or.kr/fss.hpdownload?path=/law/ptl/&file=2220753_20220427172134426_0.hwp&filere=%EA%B3%B5%EB%AC%B8_%EB%B3%B4%ED%97%98%EC%82%AC%EA%B8%B0%EB%A1%9C+%ED%95%A0%EC%A6%9D%EB%90%9C+%EC%9E%90%EB%8F%99%EC%B0%A8%EB%B3%B4%ED%97%98%EB%A3%8C+%ED%99%98%EA%B8%89%EC%97%85%EB%AC%B4+%EA%B4%80%EB%A0%A8+%EC%9C%A0%EC%9D%98%EC%82%AC%ED%95%AD+%EC%86%A1%EB%B6%80_Body.hwp,보험사기대응단,특별조사팀,고기혁 검사역,02-3145-8735,"1. 귀 사의 무궁한 발전을 기원합니다.

          2. 우리원이 보험사기로 할증된 보험료 환급 T/F를 운영한 결과, 판결문 등을 통해 고의사고 등 자동차 보험사기 피해자임이 확인된 사고 중 일부가 보험개발원에 통보되지 않아 보험료 환급이 누락된 사례가 확인되었습니다.

          3. 이에, 보험사기 피해자 구제를 위해 보험사기 판결 등으로 피보험자의 요율 정정요인이 발생한 경우 이를 반영하여 적정한 보험요율이 적용될 수 있도록 각 보험회사는 보험개발원에 보험사기 사고정보를 적시 통보하는 등 관련 업무수행에 보다 주의를 기울여 주시기 바랍니다.  끝.


            - 아 래 -            

  - [관리번호]  감2019-41008
  - [감독행정목적] 자동차 보험료 환급업무 관련 유의사항
  - [감독행정내용] 붙임 참조
  - [관련법령]  보험업법 제127조의3, 제129조, 제176조
  - [내부경영사항 관련] 해당 없음

    [폐지일자] 2024.08.14
    
    [폐지사유] 「보험사기방지특별법」이 개정(제7조의2, 2024.08.14. 시행)됨에 따른 근거규정 삭제."
감2019-41006,고지의무 위반으로 인한 해지통지 관련 유의사항 안내,보험감독국,20191101,폐지,붙임_고지의무 위반으로 인한 해지통지 관련 유의사항 안내.hwp,https://www.fss.or.kr/fss.hpdownload?path=/law/ptl/&file=2180391_20191101152903760_0.hwp&filere=%EB%B6%99%EC%9E%84_%EA%B3%A0%EC%A7%80%EC%9D%98%EB%AC%B4+%EC%9C%84%EB%B0%98%EC%9C%BC%EB%A1%9C+%EC%9D%B8%ED%95%9C+%ED%95%B4%EC%A7%80%ED%86%B5%EC%A7%80+%EA%B4%80%EB%A0%A8+%EC%9C%A0%EC%9D%98%EC%82%AC%ED%95%AD+%EC%95%88%EB%82%B4.hwp,보험감독국,특수보험2팀,이강현 수석조사역,02-3145-7465,"1. 관련근거 -금융규제 운영규정 제16조

2. 「보험업법」 제127조의3(기초서류 기재사항 준수의무)에 따라 고지의무 위반으로 인한 해지통지와 관련하여 붙임을 참고하여 업무 수행시 유의하여 주시기 바랍니다.


                             - 아 래 -

- [관리번호] 감2019-41006
- [지도목적] 고지의무 위반으로 인한 해지통지 관련 유의사항 안내
- [지도내용] 붙임 참조
- [유효기간] 해당사항 없음
- [관련법령] 보험업법 제127조의3
- [내부경영사항 관련] 해당 없음

붙임 : 고지의무 위반으로 인한 해지통지 관련 유의사항 안내 1부. 끝.


- [폐지일자] 2024.08.30
- [폐지사유] 감독행정 이행 완료에 따른 폐지. 끝."
감2020-41004,사행성 면책자에 대한 인수심사 강화 안내,보험사기대응단,20190807,폐지,사행성 면책자에 대한 인수심사 강화 안내.hwp,https://www.fss.or.kr/fss.hpdownload?path=/law/ptl/&file=2000688_20200302095055979_0.hwp&filere=%EC%82%AC%ED%96%89%EC%84%B1+%EB%A9%B4%EC%B1%85%EC%9E%90%EC%97%90+%EB%8C%80%ED%95%9C+%EC%9D%B8%EC%88%98%EC%8B%AC%EC%82%AC+%EA%B0%95%ED%99%94+%EC%95%88%EB%82%B4.hwp,보험사기대응단,보험조사팀,이건우 수석검사역,02-3145-8741,"1. 귀 사의 무궁한 발전을 기원합니다.

          2. 최근 우리원이 치매보험 및 소액암 분석결과, 중복·고액 가입계약이 많아 사행성 면책자(보험사기 적발자)의 경우 보험가입시 엄격한 인수심사기준를 적용할 필요가 있는 것으로 확인됩니다. 따라서, 준법감시인은 귀사가 제출한 자료(보험사기 적발자 등의 보험가입 내역, CPC 요청일자 2019.7.1.)를 검증하여 적의 수정하시기 바랍니다. 

          3. 또한, 귀사는 한국신용정보원의「보험신용정보관리규약」에 따라 사행성 면책 정보를 누락 없이 전송하고, 인수심사 단계에서 동 보험사기 정보를 활용할 수 있도록 전산시스템에 반영하는 등 인수심사 절차를 강화하여 주시기 바랍니다. 끝.


            - 아 래 -    

  - [관리번호]  감2020-41004
  - [감독행정목적] 사행성 면책자에 대한 인수심사 강화
  - [감독행정내용] 붙임 참조
  - [관련법령]  금융회사 지배구조 감독규정 별표3(내부통제기준에 포함해야 하는 사항) 2. 해당 금융회사가 보험회사인 경우 라. 보험사기행위 예방 및 보험리스크 관리를 위해 계약심사시 따라야 할 절차와 기준
  - [내부경영사항 관련] 해당 없음

[폐지일자] 2024.05.10
[폐지사유] 「보험사기예방모범규준」에 반영(제10조, 2021.11.01.)되어 감독행정 유지 불필요.  끝."
감2019-41004,보험요율 산출 및 기초서류 작성관련 유의사항 안내,보험감독국,20190726,폐지,붙임_보험요율 산출 및 기초서류 작성관련 유의사항 안내(감독행정).hwp,https://www.fss.or.kr/fss.hpdownload?path=/law/ptl/&file=2150582_20190725172745301_0.hwp&filere=%EB%B6%99%EC%9E%84_%EB%B3%B4%ED%97%98%EC%9A%94%EC%9C%A8+%EC%82%B0%EC%B6%9C+%EB%B0%8F+%EA%B8%B0%EC%B4%88%EC%84%9C%EB%A5%98+%EC%9E%91%EC%84%B1%EA%B4%80%EB%A0%A8+%EC%9C%A0%EC%9D%98%EC%82%AC%ED%95%AD+%EC%95%88%EB%82%B4%28%EA%B0%90%EB%8F%85%ED%96%89%EC%A0%95%29.hwp,보험감독국,특수보험2팀,이강현 수석조사역,02-3145-7465,"1. 관련근거 -금융규제 운영규정 제16조

2. 「보험업법」 제129조(보험요율 산출원칙) 및 제128조의3(기초서류 작성변경원칙) 등에 따라 보험요율 산출 및 기초서류 작성과 관련 붙임을 참고하여 업무 수행시 유의하여 주시기 바랍니다.


                             - 아 래 -

- [관리번호] 감2019-41004
- [지도목적] 보험요율 산출 및 기초서류 작성관련 유의사항 안내
- [지도내용] 붙임 참조
- [유효기간] 해당사항 없음
- [관련법령] 보험업법 제129, 제128조의3
- [내부경영사항 관련] 해당 없음

붙임 : 보험요율 산출 및 기초서류 작성관련 유의사항 안내 1부. 끝.


- [폐지일자] 2024.08.30
- [폐지사유] 감독행정 이행 완료에 따른 폐지. 끝."
감2019-41003,치매보험금 지급관련 유의사항 안내,보험감독국,20190711,폐지,붙임_치매보험금 지급관련 유의사항 안내_F.hwp,https://www.fss.or.kr/fss.hpdownload?path=/law/ptl/&file=2150582_20190711170035268_0.hwp&filere=%EB%B6%99%EC%9E%84_%EC%B9%98%EB%A7%A4%EB%B3%B4%ED%97%98%EA%B8%88+%EC%A7%80%EA%B8%89%EA%B4%80%EB%A0%A8+%EC%9C%A0%EC%9D%98%EC%82%AC%ED%95%AD+%EC%95%88%EB%82%B4_F.hwp,보험감독국,특수보험2팀,이강현 수석조사역,02-3145-7465,"1. 관련근거 -금융규제 운영규정 제16조

2. 「보험업법」 제127조의3(기초서류 기재사항 준수의무) 및 제128조의3(기초서류 작성변경원칙)에 따라 치매보험 보험금 지급과 관련 붙임을 참고하여 업무 수행시 유의하여 주시기 바랍니다.


                             - 아 래 -

- [관리번호] 감2019-41003
- [지도목적] 치매보험금 지급관련 유의사항 안내
- [지도내용] 붙임 참조
- [유효기간] 해당사항 없음
- [관련법령] 보험업법 제127조의3, 제128조의3
- [내부경영사항 관련] 해당 없음

붙임 : 치매보험금 지급관련 유의사항 안내 1부. 끝.


- [폐지일자] 2024.08.30
- [폐지사유] 감독행정 이행 완료에 따른 폐지. 끝."
감2019-43001,운전자보험 상품 운영시 유의사항 안내,보험사기대응단,20190603,폐지,(생명보험조사팀-1401)운전자보험 상품 운영시 유의사항 안내.pdf,https://www.fss.or.kr/fss.hpdownload?path=/law/ptl/&file=2220753_20220426151428672_0.pdf&filere=%28%EC%83%9D%EB%AA%85%EB%B3%B4%ED%97%98%EC%A1%B0%EC%82%AC%ED%8C%80-1401%29%EC%9A%B4%EC%A0%84%EC%9E%90%EB%B3%B4%ED%97%98+%EC%83%81%ED%92%88+%EC%9A%B4%EC%98%81%EC%8B%9C+%EC%9C%A0%EC%9D%98%EC%82%AC%ED%95%AD+%EC%95%88%EB%82%B4.pdf,보험사기대응단,보험조사팀,권철건 선임조사역,02-3145-8755,"1. '18.12.06. 우리원이 시행한「운전자보험 상품 운영시 유의사항 안내(생명보험조사팀-1401)」공문 관련입니다.

2. 동 문서를「금융규제 운영규정」제16조에 따라 아래와 같이 감독행정으로 등록하오니 관련 업무 수행에 만전을 기해주시기 바랍니다.


 - 아 래 -            

  - [관리번호] 감2019-43001
  - [지도목적] 보험사기행위 예방 및 보험리스크 관리 강화
  - [지도내용] ‘18.12.06. 시행공문(생명보험조사팀-1401) 참조
  - [유효기간] 해당사항 없음
  - [관련법령] 금융회사 지배구조 감독규정 별표3(내부통제기준에 포함해야 하는 사항) 2. 해당 금융회사가 보험회사인 경우 라. 보험사기행위 예방 및 보험리스크 관리를 위해 계약심사시 따라야 할 절차와 기준
  - [내부경영사항 관련] 해당 없음


한편 '18.12.06. 시행된「운전자보험 상품 운영시 유의사항 안내」는 본 공문으로 대체됩니다.

[폐지일자] 2024.04.24.
[폐지사유] 「보험사기 예방 모범규준」이 개정(2023.05.10.)됨에 따른 근거규정 삭제.  끝."
감2019-31001,휴면성 증권투자재산 주인 찾아주기 실시 등 안내,자본시장감독국,20190517,폐지,휴면성 증권투자재산 주인 찾아주기 실시 등 안내.hwp,https://www.fss.or.kr/fss.hpdownload?path=/law/ptl/&file=2170461_20190517144629312_0.hwp&filere=%ED%9C%B4%EB%A9%B4%EC%84%B1+%EC%A6%9D%EA%B6%8C%ED%88%AC%EC%9E%90%EC%9E%AC%EC%82%B0+%EC%A3%BC%EC%9D%B8+%EC%B0%BE%EC%95%84%EC%A3%BC%EA%B8%B0+%EC%8B%A4%EC%8B%9C+%EB%93%B1+%EC%95%88%EB%82%B4.hwp,자본시장감독국,자본시장감독국 자본시장제도팀,김민석 선임조사역,02-3145-7584,"- [관리번호] 감2019-31001
- [지도목적] 휴면성 증권투자재산 주인 찾아주기 실시 등 안내
- [지도내용] 증권회사의 '휴면성 증권계좌 및 실기주과실의 주인 찾아주기 캠페인' 참여 독려 및 금융회사 지배구조 감독규정에 의한 내부통제 점검시 '휴면성 증권계좌 등에 대한 관리실태' 중점 점검 당부
- [관련규정] 금융회사 지배구조 감독규정 제11조 제5항"
감2019-41002,치매보험 안내자료 작성 관련 유의사항 안내,보험감독국,20190409,폐지,붙임 치매보험 안내자료 작성 관련 유의사항 안내.hwp,https://www.fss.or.kr/fss.hpdownload?path=/law/ptl/&file=2130074_20190408171321362_0.hwp&filere=%EB%B6%99%EC%9E%84+%EC%B9%98%EB%A7%A4%EB%B3%B4%ED%97%98+%EC%95%88%EB%82%B4%EC%9E%90%EB%A3%8C+%EC%9E%91%EC%84%B1+%EA%B4%80%EB%A0%A8+%EC%9C%A0%EC%9D%98%EC%82%AC%ED%95%AD+%EC%95%88%EB%82%B4.hwp,보험감독국,보험감독국 특수보험2팀,나예린 선임검사역,02-3145-7465,"1. 관련근거 -금융규제 운영규정 제16조

2. 「보험업법」 제95조(보험안내자료) 등에 따라 치매보험 안내자료 작성과 관련 붙임을 참고하여 업무 수행시 유의하여 주시기 바랍니다.


                             - 아 래 -

- [관리번호] 감2019-41002
- [지도목적] 치매보험 안내자료 작성 관련 업무 개선
- [지도내용] 붙임 참조
- [유효기간] 해당사항 없음
- [관련법령] 보험업법 제95조
- [내부경영사항 관련] 해당 없음

붙임 : 치매보험 안내자료 작성 관련 유의사항 안내 1부.


- [폐지일자] 2024.08.30
- [폐지사유] 감독행정 이행 완료에 따른 폐지. 끝."
감2019-41001,갑상선고주파절제술에 대한 수술보험금 지급시 유의사항 안내,보험감독국,20190401,폐지,갑상선고주파절제술에 대한 수술보험금 지급시 유의사항 안내.hwp,https://www.fss.or.kr/fss.hpdownload?path=/law/ptl/&file=2131226_20190401125740368_0.hwp&filere=%EA%B0%91%EC%83%81%EC%84%A0%EA%B3%A0%EC%A3%BC%ED%8C%8C%EC%A0%88%EC%A0%9C%EC%88%A0%EC%97%90+%EB%8C%80%ED%95%9C+%EC%88%98%EC%88%A0%EB%B3%B4%ED%97%98%EA%B8%88+%EC%A7%80%EA%B8%89%EC%8B%9C+%EC%9C%A0%EC%9D%98%EC%82%AC%ED%95%AD+%EC%95%88%EB%82%B4.hwp,보험감독국,특수보험2팀,최영석 팀장,02-3145-7464,"1. 관련근거 - 금융규제운영규정 제16조

                    2.「보험업법」제127조의3(기초서류 기재사항 준수의무) 등에 따라 갑상선고주파절제술에 대한 수술보험금 지급이 누락되지 않도록 관련업무 수행에 만전을 기하여 주시기 바랍니다.

붙임 : 갑상선고주파절제술에 대한 수술보험금 지급시 유의사항 안내 1부. 끝.


            - 아 래 -           

  - [관리번호] 감2019-41001
  - [감독행정목적] 갑상선 고주파절제술에 대한 수술보험금 지급시 유의사항 안내
  - [감독행정내용] 붙임참조
  - [관련법령] 보험업법 제127조의3
  - [내부경영사항 관련] 해당 없음

  - [폐지일자] 2024.08.30
  - [폐지사유] 감독행정 이행 완료에 따른 폐지. 끝."
감2018-41007,장애인전용보장성보험 세액공제 적용 관련 유의사항 안내,보험감독국,20181204,폐지,181200 (감독행정) 장애인전용보장성보험 세액공제 적용 관련 유의사항 안내.hwp,https://www.fss.or.kr/fss.hpdownload?path=/law/ptl/&file=2100095_20181204180541362_0.hwp&filere=181200+%28%EA%B0%90%EB%8F%85%ED%96%89%EC%A0%95%29+%EC%9E%A5%EC%95%A0%EC%9D%B8%EC%A0%84%EC%9A%A9%EB%B3%B4%EC%9E%A5%EC%84%B1%EB%B3%B4%ED%97%98+%EC%84%B8%EC%95%A1%EA%B3%B5%EC%A0%9C+%EC%A0%81%EC%9A%A9+%EA%B4%80%EB%A0%A8+%EC%9C%A0%EC%9D%98%EC%82%AC%ED%95%AD+%EC%95%88%EB%82%B4.hwp,보험감독국,특수보험2팀,심재민 선임조사역,02-3145-7468,"1. 관련근거 - 금융규제 운영규정 제16조

2. 보험업법 제128조의3(기초서류 작성·변경 원칙)에 따라 정당한 사유 없는 보험계약자의 권리 축소 또는 의무 확대 등이 발생하지 않도록 장애인 보험 세액공제 적용과 관련하여 소득세법(제59조의4 등)상 요건을 갖춘 경우 보험계약자에게 불리한 내용이 기초서류에 포함되지 않도록 다음의 사항을 유의하여 주시기 바랍니다.

- 아 래 -

- [관리번호] 감2018-41007
- [지도목적] 보험회사의 장애인전용보장성보험 세액공제 적용 관련 유의사항 안내
- [지도내용] 붙임 참조
- [유효기간] 해당사항 없음
- [관련법령] 보험업법 제128조의3
- [내부경영사항 관련] 해당 없음

붙임 : 장애인전용보장성보험 세액공제 적용 관련 유의사항 안내 1부. 끝.


- [폐지일자] 2024.08.30
- [폐지사유] 감독행정 이행 완료에 따른 폐지. 끝."
감2018-11007,문진제도 강화(감독행정),불법금융대응단,20181101,폐지,181101 문진_통합(감독행정)_붙임.hwp,https://www.fss.or.kr/fss.hpdownload?path=/law/ptl/&file=2040207_20181101194524597_0.hwp&filere=181101+%EB%AC%B8%EC%A7%84_%ED%86%B5%ED%95%A9%28%EA%B0%90%EB%8F%85%ED%96%89%EC%A0%95%29_%EB%B6%99%EC%9E%84.hwp,불법금융대응단,불법금융대응단 금융사기대응팀,구소원 검사역,02-3145-8123,"1. ‘17.12.1. 우리 원이 시행한 「영업점 창구에서 고액 현금 인출시 문진제도 강화(감독행정)」(불법단사기-1441, 감2017-11021)과 관련됩니다.

          2. 우리 원은 고액(5백만원) 현금 인출시 보이스피싱 노출 여부를 확인하기 위한 ‘금융사기 예방진단표’를 붙임1과 같이 변경·시행하였는데, 최근 문진이 적용되지 않는 수표·외화 인출, 창구 또는 인터넷뱅킹(CD/ATM기 포함) 송금·이체 등을 통해 피해를 당하는 사례가 발생하고 있습니다.

          3. 이에, 문진대상을 수표·외화 인출, 창구 또는 인터넷뱅킹(CD/ATM기 포함) 송금·이체시에도 확대하고 ‘금융사기 예방 진단표’를 붙임2와 같이 변경하고자 하오니, 동 방안이 12.3.(월)까지 시행*될 수 있도록 귀 행(사)의 적극적인 협조를 부탁드리며, 각 연합회·협회·중앙회, 우정사업본부에서는 회원사(산하 기관)별 이행 결과(미완료시 단계별 추진일정 등 세부계획)를 취합하여 2018.12월말까지 금융감독원에 보고하여 주시기 바랍니다.

             * 불가피한 경우 단계적으로 시행하되 ‘19.1/4분기 내 전산시스템 구축 등 완료

  ※ 향후 제도개선, 모니터링 등에 참고할 수 있도록 건별 비대면 문진 실시 결과 등의 기록 관리

          4. 아울러 본 건 문서를 「금융규제 운영규정」 제16조에 따라 아래와 같이 감독행정으로 등록하였으며, 기존 감독행정(감2017-11021)은 동 문서로 변경됨을 알려드립니다.

- 아   래  -

 - [관리번호] 감2018-11007
 - [지도목적] 전기통신금융사기 발생 방지
 - [지도내용] 붙임 참조
 - [관련법령] 「전기통신금융사기 피해 방지 및 피해금 환급에 관한 특별법」 제2조의2 및 동법 시행령 제2조의2
 - [내부경영사항 관련] 해당 없음"
감2018-41005,여행보험상품 위험률 산출 관련 유의사항 안내,보험감독국,20181015,폐지,붙임_여행보험상품 위험률 산출 관련 유의사항 안내.hwp,https://www.fss.or.kr/fss.hpdownload?path=/law/ptl/&file=2170663_20181015172157242_0.hwp&filere=%EB%B6%99%EC%9E%84_%EC%97%AC%ED%96%89%EB%B3%B4%ED%97%98%EC%83%81%ED%92%88+%EC%9C%84%ED%97%98%EB%A5%A0+%EC%82%B0%EC%B6%9C+%EA%B4%80%EB%A0%A8+%EC%9C%A0%EC%9D%98%EC%82%AC%ED%95%AD+%EC%95%88%EB%82%B4.hwp,보험감독국,특수보험2팀,최영석 팀장,02-3145-7464,"1. 관련근거 - 금융규제 운영규정 제16조

2. 「보험업법」 제129조 및 「금융회사의 지배구조에 관한 법률」 제24조에 근거하여 위험률 조정기준 등을 내부통제기준에 객관적·구체적으로 반영하도록 관련업무 수행에 만전을 기해주시기 바랍니다.

                                                                         - 아 래 -

- [관리번호] 감2018-41005
- [지도목적] 여행보험상품 위험률 산출관련 유의사항 안내
- [지도내용] 붙임 참조
- [유효기간] 해당사항 없음
- [관련법령] 보험업법 제129조 및 금융회사의 지배구조에 관한 법률 제24조
- [내부경영사항 관련] 해당 없음


붙임 : 여행보험상품 위험률 산출 관련 유의사항 안내 1부. 끝.


- [폐지일자] 2024.08.30
- [폐지사유] 감독행정 이행 완료에 따른 폐지. 끝."
감2018-41004,지정대리청구제도 운영관련 유의사항 안내,보험감독국,20180720,폐지,붙임_지정대리청구제도 운영관련 유의사항 안내.hwp,https://www.fss.or.kr/fss.hpdownload?path=/law/ptl/&file=2150582_20180720111147083_0.hwp&filere=%EB%B6%99%EC%9E%84_%EC%A7%80%EC%A0%95%EB%8C%80%EB%A6%AC%EC%B2%AD%EA%B5%AC%EC%A0%9C%EB%8F%84+%EC%9A%B4%EC%98%81%EA%B4%80%EB%A0%A8+%EC%9C%A0%EC%9D%98%EC%82%AC%ED%95%AD+%EC%95%88%EB%82%B4.hwp,보험감독국,특수보험2팀,심재민 선임조사역,02-3145-7468,"치매보장보험약관상  대리청구인 지정시기를 확대(2년->보험기간중)하고 
대리청구인 관련 구비서류 중 반드시 필요하지 않거나 발급이 곤란한 서류를 삭제하여 간소화
-[관련법령] 보험업법 제128조의3

            - 아 래 -           

  - [관리번호] 감2018-41004 
  - [감독행정목적] 지정대리청구제도 운영관련 유의사항 안내
  - [감독행정내용] 붙임참조
  - [관련법령] 보험업법 제128조의3
  - [내부경영사항 관련] 해당 없음


  - [폐지일자] 2024.08.30
  - [폐지사유] 감독행정 이행 완료에 따른 폐지. 끝."
감2018-13001,인터넷뱅킹 등의 부정접속(로그인) 침해행위 관련 유의사항 안내,디지털금융검사국,20180704,폐지,180704_이상접속시도에대한_유의사항안내v11.hwp,https://www.fss.or.kr/fss.hpdownload?path=/law/ptl/&file=2180604_20210615093117933_0.hwp&filere=180704_%EC%9D%B4%EC%83%81%EC%A0%91%EC%86%8D%EC%8B%9C%EB%8F%84%EC%97%90%EB%8C%80%ED%95%9C_%EC%9C%A0%EC%9D%98%EC%82%AC%ED%95%AD%EC%95%88%EB%82%B4v11.hwp,디지털금융검사국,디지털금융검사국 검사기획팀,이우람 팀장,02-3145-7426,"최근 인터넷뱅킹 등을 대상으로 타 사이트에서 탈취된 것으로 추정되는 아이디와 비밀번호를 이용하여 대량의 부정접속을 시도하는 사례가 발생하였습니다.

이에, 다음과 같은 이상 접속 유형을 참고하여 전자금융감독규정 제17조제4항에서 정한 인터넷뱅킹(로그인 화면) 등의 공개용 웹서버가 해킹공격에 노출되지 않도록 모니터링을 강화하여 주시기 바랍니다.

- 다 음 -

          ① 동일단말기 또는 동일IP에서 다수의 아이디로 접속(로그인) 시도

          ② 동일단말기 또는 동일IP에서 대량의 접속(로그인) 시도

          ③ 평소 수준을 상회하는 대량의 접속(로그인) 시도

          ④ 평소 수준을 상회하는 대량의 접속(로그인) 실패 등"
감2018-11005,"전기통신금융사기 환급업무 관련 보고서 변경(VP002, VP101)에 따른 협조요청 및 관련 안내 매뉴얼 송부",불법금융대응단,20180516,폐지,170106_전기통신금융사기 환급업무 상세자료 작성양식 및 제출방법_F.hwp,https://www.fss.or.kr/fss.hpdownload?path=/law/ptl/&file=2180571_20210630180811782_0.hwp&filere=170106_%EC%A0%84%EA%B8%B0%ED%86%B5%EC%8B%A0%EA%B8%88%EC%9C%B5%EC%82%AC%EA%B8%B0+%ED%99%98%EA%B8%89%EC%97%85%EB%AC%B4+%EC%83%81%EC%84%B8%EC%9E%90%EB%A3%8C+%EC%9E%91%EC%84%B1%EC%96%91%EC%8B%9D+%EB%B0%8F+%EC%A0%9C%EC%B6%9C%EB%B0%A9%EB%B2%95_F.hwp,불법금융대응단,불법금융대응단 금융사기대응팀,구소원 검사역,02-3145-8123,"1. '18.01.17. 우리원이 시행한「전기통신금융사기 환급업무 관련 보고서 변경(VP002, VP101)에 따른 협조요청 및 관련 안내 매뉴얼 송부(불법단사기-66)」공문 관련입니다. 
      
2. 동 문서를「금융규제 운영규정」 제16조에 따라 아래와 같이 감독행정으로 등록하오니 관련 업무 수행에 만전을 기해주시기 바랍니다.


                                         -  아    래  -

         - [관리번호] 감2018-11005
         - [지도목적] 전기통신금융사기 발생 방지
         - [지도내용] '18.01.17. 시행 공문(불법단사기-66) 참조
         - [유효기간] 해당사항 없음
         - [관련법령] 「전기통신금융사기 피해방지 및 피해금 환급에 관한 특별법」제2조의2 및 동법 시행령 제2조의2
         - [내부경영사항 관련] 해당 없음

한편 '18.01.17. 시행된「전기통신금융사기 환급업무 관련 보고 전산시스템 개편에 따른 협조요청」은 본 공문으로 대체됩니다."
감2018-41003,급성심근경색증 진단비 보험금 지급시 유의사항 안내,보험감독국,20180516,폐지,(붙임) 급성심근경색증 진단비 보험금 지급시 유의사항 안내.hwp,https://www.fss.or.kr/fss.hpdownload?path=/law/ptl/&file=2160473_20180516101118311_0.hwp&filere=%28%EB%B6%99%EC%9E%84%29+%EA%B8%89%EC%84%B1%EC%8B%AC%EA%B7%BC%EA%B2%BD%EC%83%89%EC%A6%9D+%EC%A7%84%EB%8B%A8%EB%B9%84+%EB%B3%B4%ED%97%98%EA%B8%88+%EC%A7%80%EA%B8%89%EC%8B%9C+%EC%9C%A0%EC%9D%98%EC%82%AC%ED%95%AD+%EC%95%88%EB%82%B4.hwp,보험감독국,특수보험2팀,이강현 수석조사역,02-3145-7465,"1. 관련근거 - 금융규제 운영규정 제16조

2. 「보험업법」제127조의3(기초서류 기재사항 준수의무) 등에 따라 급성심근경색증 진단비 보험금 지급이 누락되지 않도록 관련업무 수행에 만전을 기해주시기 바랍니다.

- 아 래 -

- [관리번호] 감2018-41003
- [지도목적] 급성심근경색증 진단비 보험금 지급 철저
- [지도내용] 붙임 참조
- [유효기간] 해당사항 없음
- [관련법령] 보험업법 제127조의3
- [내부경영사항 관련] 해당 없음


붙임 : 급성심근경색증 진단비 보험금 지급시 유의사항 안내 1부. 끝.

- [폐지일자] 2024.08.30
- [폐지사유] 감독행정 이행 완료에 따른 폐지. 끝."
감2018-11004,전기통신금융사기 환급업무 관련 보고 전산시스템 개편에 따른 협조요청,불법금융대응단,20180516,폐지,170106_전기통신금융사기 환급업무 상세자료 작성양식 및 제출방법_F.hwp,https://www.fss.or.kr/fss.hpdownload?path=/law/ptl/&file=2180571_20210630180421069_0.hwp&filere=170106_%EC%A0%84%EA%B8%B0%ED%86%B5%EC%8B%A0%EA%B8%88%EC%9C%B5%EC%82%AC%EA%B8%B0+%ED%99%98%EA%B8%89%EC%97%85%EB%AC%B4+%EC%83%81%EC%84%B8%EC%9E%90%EB%A3%8C+%EC%9E%91%EC%84%B1%EC%96%91%EC%8B%9D+%EB%B0%8F+%EC%A0%9C%EC%B6%9C%EB%B0%A9%EB%B2%95_F.hwp,불법금융대응단,불법금융대응단 금융사기대응팀,구소원 검사역,02-3145-8123,"1. '17.01.09. 우리원이 시행한「전기통신금융사기 환급업무 관련 보고 전산시스템 개편에 따른 협조요청(불법단사기-25)」공문 관련입니다. 
      
2. 동 문서를「금융규제 운영규정」 제16조에 따라 아래와 같이 감독행정으로 등록하오니 관련 업무 수행에 만전을 기해주시기 바랍니다.


                                        -  아    래  -

         - [관리번호] 감2018-11004
         - [지도목적] 전기통신금융사기 발생 방지
         - [지도내용] ’17.01.09. 시행 공문(불법단사기-25) 참조
         - [유효기간] 해당사항 없음
         - [관련법령] 「전기통신금융사기 피해방지 및 피해금 환급에 관한 특별법」제2조의2 및 동법 시행령 제2조의2
         - [내부경영사항 관련] 해당 없음

한편 '17.01.09. 시행된「전기통신금융사기 환급업무 관련 보고 전산시스템 개편에 따른 협조요청」은 본 공문으로 대체됩니다."
감2018-51001,가계신용대출 취급 관련 유의사항 안내,저축은행검사국,20180427,폐지,가계신용대출 취급 관련 유의사항 안내.hwp,https://www.fss.or.kr/fss.hpdownload?path=/law/ptl/&file=2200041_20210630105950423_0.hwp&filere=%EA%B0%80%EA%B3%84%EC%8B%A0%EC%9A%A9%EB%8C%80%EC%B6%9C+%EC%B7%A8%EA%B8%89+%EA%B4%80%EB%A0%A8+%EC%9C%A0%EC%9D%98%EC%82%AC%ED%95%AD+%EC%95%88%EB%82%B4.hwp,저축은행검사국,상시감시팀,조은애 선임조사역,02-3145-7384,"1. 귀 저축은행의 발전을 기원합니다. 

           2.「상호저축은행업감독규정」제40조의2(여신운용 원칙)에 의하면 저축은행은 차주의 리스크 특성, 재무상태, 미래 채무상환 능력 등에 대한 분석을 통해 신용리스크를 철저히 평가하는 등 여신의 건전성을 확보할 수 있도록 노력하여야 합니다.  

           3. 그러나 최근 우리원이 저축은행의 가계신용대출 취급실태를 분석한 결과, 업계 전반적으로는 동시대출*이 줄고는 있으나 일부 저축은행에서 여전히 대출금 송금 직전에 차주의 타 금융회사 대출내역 등을 추가 조회하지 않아 동시대출이 지속되고 있는 것으로 파악되었습니다. 이와 관련, 업계에서 이미 인지하는 바와 같이 동시대출건은 그 특성상 부실률이 높게 나타나는 등 향후 저축은행의 재무건전성 측면에서 주요 위험요인이 될 가능성이 있으므로 이에 대한 리스크 관리를 강화할 필요성이 있습니다. 

* 특정 차주에 대해 여러 금융회사에서 동일자(특히, 대출 승인시점과 대출금 송금 직전 사이)에 취급되는 대출로 연체율 등 부실률이 높음

          4. 이에 귀 저축은행에서는 동시대출이 억제되도록 대출정보 실시간 공유 서비스 등을 통해 대출금 송금 직전에 차주가 타 금융회사에서 받은 대출내역을 재조회하고, 동시대출이 확인되는 경우 여신심사를 다시 실시하는 프로세스를 구축하는 등 가계신용대출 리스크관리에 만전을 기하시기 바랍니다. 끝.   


-  아    래  -

 - [관리번호] 감2018-51001
 - [지도목적] 가계신용대출 취급 관련 유의사항 안내
 - [지도내용] 가계신용대출 취급시 동시대출 억제를 위한 프로세스를 구축하는 등 리스크관리 유의
 - [관련법령] 상호저축은행업감독규정 제40조의2
 - [내부경영사항 관련] 해당 없음


 ※ 본 공문은 '금융규제 운영규정'상 감독행정작용(일련번호 : 감2018-51001)에 해당되며, 동 규정 제16조제2항(제7조 금융행정지도의 원칙 준용)의 적용 대상임을 알려드립니다.

    한편, 2017.11.20. 시행된「가계신용대출 취급 관련 유의사항 안내」는 본 공문으로 대체됩니다.
    
    - [폐지일자]  2024.06.18
    - [폐지사유]「저축은행 표준규정」이 개정(제103조의2, 2024.04.30. 시행)됨에 따른 근거규정 삭제. 끝."
감2018-41001,보험회사의 계약관리비용 및 손해조사비 산출시 유의사항 안내,보험감독국,20180417,폐지,보험회사의 계약관리비용 및 손해조사비 산출시 유의사항 안내_내용.hwp,https://www.fss.or.kr/fss.hpdownload?path=/law/ptl/&file=2170663_20180417134806018_0.hwp&filere=%EB%B3%B4%ED%97%98%ED%9A%8C%EC%82%AC%EC%9D%98+%EA%B3%84%EC%95%BD%EA%B4%80%EB%A6%AC%EB%B9%84%EC%9A%A9+%EB%B0%8F+%EC%86%90%ED%95%B4%EC%A1%B0%EC%82%AC%EB%B9%84+%EC%82%B0%EC%B6%9C%EC%8B%9C+%EC%9C%A0%EC%9D%98%EC%82%AC%ED%95%AD+%EC%95%88%EB%82%B4_%EB%82%B4%EC%9A%A9.hwp,보험감독국,특수보험2팀,이강현 수석조사역,02-3145-7465,"1. 관련근거        - 「금융규제 운영규정」 제16조

      2.「보험업법」제129조(보험요율의 산출원칙) 및「금융회사 지배구조 감독규정」 별표3(내부통제기준에 포함해야 하는 사항) 등에 근거하여 실제 사업비 및 손해조사비 배분 결과를 기초로 장래 발생할 비용을 예측하여 산출기준 등을 마련하고 보험상품별로 적정한 계약관리비용 및 손해조사비가 산출될 수 있도록 내부통제에 만전을 기하여 주시기 바랍니다.

-  아    래  -

         - [관리번호] 감2018-41001  
         - [지도목적] 보험회사의 계약관리비용 및 손해조사비 산출시 유의사항 안내
         - [지도내용] 붙임 참조
         - [유효기간] 해당사항 없음
         - [관련법령] 보험업법 제129조, 금융회사 지배구조 감독규정 [별표3]
         - [내부경영사항 관련] 해당 없음

붙임 : 보험회사의 계약관리비용 및 손해조사비 산출시 유의사항 안내 1부. 끝.


         - [폐지일자] 2024.08.30
         - [폐지사유] 감독행정 이행 완료에 따른 폐지. 끝."
감2017-43001,'자체위험 및 지급여력 평가체제' 구축관련 유의사항 통보,보험리스크제도실,20171229,시행중,감독행정 (붙임) ‘자체 위험 및 지급여력 평가 체제’ 구축관련 유의사항 통보.hwp,https://www.fss.or.kr/fss.hpdownload?path=/law/ptl/&file=2160092_20171229175900495_0.hwp&filere=%EA%B0%90%EB%8F%85%ED%96%89%EC%A0%95+%28%EB%B6%99%EC%9E%84%29+%E2%80%98%EC%9E%90%EC%B2%B4+%EC%9C%84%ED%97%98+%EB%B0%8F+%EC%A7%80%EA%B8%89%EC%97%AC%EB%A0%A5+%ED%8F%89%EA%B0%80+%EC%B2%B4%EC%A0%9C%E2%80%99+%EA%B5%AC%EC%B6%95%EA%B4%80%EB%A0%A8+%EC%9C%A0%EC%9D%98%EC%82%AC%ED%95%AD+%ED%86%B5%EB%B3%B4.hwp,보험리스크제도실,보험리스크총괄팀,홍보석 조사역,02-3145-7250,"1. 관련근거 -「금융규제 운영규정」 제16조


2. 보험회사의 ‘자체 위험 및 지급여력 평가체제’ 구축관련 유의사항을 붙임과 같이 안내하오니, 업무수행에 만전을 기해주시기 바랍니다.


3. 아울러 본건 문서를 「금융규제 운영규정」 제16조에 따라 아래와 같이 감독행정으로 등록하였음을 알려드립니다.


     - [관리번호] 감2017-43001
     - [지도목적] 보험회사 ‘자체 위험 및 지급여력 평가체제’ 구축 철저
     - [지도내용] 붙임 참조
     - [유효기간] 해당사항 없음
     - [관련법령] 보험업감독규정 제7-5조, 보험업감독업무시행세칙 제5-6조의2
     - [내부경영사항 관련] 해당 없음"
감2017-11021,고액 현금 인출·이체시 문진제도 실시,불법금융대응단,20171201,폐지,(붙임1)기존 고액현금 인출시 금융사기 예방진단표 1부.hwp | (붙임2)변경된 고액현금 인출시 금융사기 예방진단표 1부.hwp,https://www.fss.or.kr/fss.hpdownload?path=/law/ptl/&file=2020390_20171201163824185_0.hwp&filere=%28%EB%B6%99%EC%9E%841%29%EA%B8%B0%EC%A1%B4+%EA%B3%A0%EC%95%A1%ED%98%84%EA%B8%88+%EC%9D%B8%EC%B6%9C%EC%8B%9C+%EA%B8%88%EC%9C%B5%EC%82%AC%EA%B8%B0+%EC%98%88%EB%B0%A9%EC%A7%84%EB%8B%A8%ED%91%9C+1%EB%B6%80.hwp | https://www.fss.or.kr/fss.hpdownload?path=/law/ptl/&file=2020390_20171201163824281_1.hwp&filere=%28%EB%B6%99%EC%9E%842%29%EB%B3%80%EA%B2%BD%EB%90%9C+%EA%B3%A0%EC%95%A1%ED%98%84%EA%B8%88+%EC%9D%B8%EC%B6%9C%EC%8B%9C+%EA%B8%88%EC%9C%B5%EC%82%AC%EA%B8%B0+%EC%98%88%EB%B0%A9%EC%A7%84%EB%8B%A8%ED%91%9C+1%EB%B6%80.hwp,불법금융대응단,불법금융대응단 금융사기대응팀,구소원 검사역,02-3145-8123,"1. ’16.3.16. 우리 원이 시행한 「지역별 금융사기 예방협의회 구성 등 협조요청(불법단총괄-157)」와 관련됩니다. 

      2. 앞서 우리원은 고액 현금 인출시 보이스피싱 예방을 위한 “금융사기 예방 진단표”를 영업점에 비치하도록 한 바 있음에도 불구하고 피해자들이 영업점에서 고액의 현금을 인출하여 보이스피싱 사기범들에게 전달·송금하는 사례가 계속 발생하고 있습니다.

      3. 이에 고액(5백만원) 현금 인출시 보이스피싱 노출 여부를 확인하기 위한 “금융사기 예방 진단표”를 붙임2와 같이 변경*하고자 하오니 귀행(사)의 적극적인 협조를 부탁드립니다.

 * (기존) 고액 현금 인출시 금융사기 예방 진단표를 책받침, 배너 등으로 객장에 비치하는 소극적 방식 
   (변경) 고액 현금 인출시 고객이 직접 진단표에 체크·확인서명 후 금융회사 직원이 이를 확인하는 적극적 방식

      4. 아울러 본 건 문서를 「금융규제 운영규정」 제16조에 따라 아래와 같이 감독행정으로 등록하였음을 알려드립니다.

-  아    래  -
         - [관리번호] 감2017-11021
         - [지도목적] 전기통신금융사기 발생 방지
         - [지도내용] 붙임 참조
         - [유효기간] 해당사항 없음
         - [관련법령] 「전기통신금융사기 피해방지 및 피해금 환급에 관한 특별법」제2조의2 및 동법 시행령 제2조의2
         - [내부경영사항 관련] 해당 없음

붙임1. 기존 고액현금 인출시 금융사기 예방진단표 1부.
붙임2. 변경된 고액현금 인출시 금융사기 예방진단표 1부. 끝."
감2017-11022,대출빙자형 보이스피싱 피해예방을 위한 대출금 상환방식 단순화 및 고객 안내 강화 요청,불법금융대응단,20171201,폐지,(붙임)대출금 상환방식 단순화 및 고객 안내 강화 1부.hwp,https://www.fss.or.kr/fss.hpdownload?path=/law/ptl/&file=2020390_20171201164913609_0.hwp&filere=%28%EB%B6%99%EC%9E%84%29%EB%8C%80%EC%B6%9C%EA%B8%88+%EC%83%81%ED%99%98%EB%B0%A9%EC%8B%9D+%EB%8B%A8%EC%88%9C%ED%99%94+%EB%B0%8F+%EA%B3%A0%EA%B0%9D+%EC%95%88%EB%82%B4+%EA%B0%95%ED%99%94+1%EB%B6%80.hwp,불법금융대응단,불법금융대응단 금융사기대응팀,구소원 검사역,02-3145-8123,"1. 관련근거
             - 「금융규제 운영규정」 제16조

           2. 「전기통신금융사기 피해방지 및 피해금 환급에 관한 특별법」제2조의2(전기통신금융사기에 대한 대응 등) 등에 따라 대출빙자형 보이스피싱 피해예방을 위해붙임과 같이 대출금 상환방식 단순화 및 고객 안내 강화를 요청하오니 관련 업무 수행에 만전을 기하여 주시기 바랍니다.

           3. 아울러, 본건 문서를 아래와 같이 감독행정으로 등록하였음을 알려드립니다.
 
-  아    래  -
         - [관리번호] 감2017-11022
         - [지도목적] 전기통신금융사기 발생 방지
         - [지도내용] 붙임 참조
         - [관련법령] 「전기통신금융사기 피해방지 및 피해금 환급에 관한 특별법」   제2조의2 및 동법 시행령 제2조의2
         - [내부경영사항 관련] 해당 없음

붙임 : 대출금 상환방식 단순화 및 고객 안내 강화 1부.  끝."
감2017-11023,대출빙자형 보이스피싱 피해예방을 위한 대출사전문진제도 강화,불법금융대응단,20171201,폐지,(붙임1)기존 대출빙자 보이스피싱 에방을 위한 사전 문진표 1부.hwp | (붙임2)변경된 대출빙자 보이스피싱 에방을 위한 사전 문진표 1부.hwp,https://www.fss.or.kr/fss.hpdownload?path=/law/ptl/&file=2020390_20171201171653586_0.hwp&filere=%28%EB%B6%99%EC%9E%841%29%EA%B8%B0%EC%A1%B4+%EB%8C%80%EC%B6%9C%EB%B9%99%EC%9E%90+%EB%B3%B4%EC%9D%B4%EC%8A%A4%ED%94%BC%EC%8B%B1+%EC%97%90%EB%B0%A9%EC%9D%84+%EC%9C%84%ED%95%9C+%EC%82%AC%EC%A0%84+%EB%AC%B8%EC%A7%84%ED%91%9C+1%EB%B6%80.hwp | https://www.fss.or.kr/fss.hpdownload?path=/law/ptl/&file=2020390_20171201171653713_1.hwp&filere=%28%EB%B6%99%EC%9E%842%29%EB%B3%80%EA%B2%BD%EB%90%9C+%EB%8C%80%EC%B6%9C%EB%B9%99%EC%9E%90+%EB%B3%B4%EC%9D%B4%EC%8A%A4%ED%94%BC%EC%8B%B1+%EC%97%90%EB%B0%A9%EC%9D%84+%EC%9C%84%ED%95%9C+%EC%82%AC%EC%A0%84+%EB%AC%B8%EC%A7%84%ED%91%9C+1%EB%B6%80.hwp,불법금융대응단,불법금융대응단 금융사기대응팀,구소원 검사역,02-3145-8123,"1. ’17.6.20. 우리 원이 시행한 「대출빙자형 보이스피싱 피해 방지 관련 유의사항(감독행정)(불법단사기-685)」와 관련입니다.

           2. 앞서 우리원은 대출빙자형 보이스피싱 피해 예방을 위하여 “대출빙자 보이스피싱 예방을 위한 사전 문진표”를 시행한 바 있음에도 불구하고 대출빙자형 보이스피싱 피해가 계속 증가하고 있습니다.

           3. 이에 대출 상담시 보이스피싱 노출 여부를 확인하기 위한 “대출빙자 보이스피싱 예방을 위한 사전 문진표”를 붙임2와 같이 변경*하고자 하오니 귀행(사)의 적극적인 협조를 부탁드립니다.
 
 * (기존) 고객이 문진표에 단순히 체크하는 방식 
   (변경) 기존방식에 고객이 문진표 내용을 확인하고 서명하였다는 내용을 추가

-  아    래  -
         - [관리번호] 감2017-11023
         - [지도목적] 전기통신금융사기 발생 방지
         - [지도내용] 붙임 참조
         - [관련법령] 「전기통신금융사기 피해방지 및 피해금 환급에 관한 특별법」   제2조의2 및 동법 시행령 제2조의2
         - [내부경영사항 관련] 해당 없음

붙임1. 기존 대출빙자 보이스피싱 예방을 위한 사전 문진표 1부.
붙임2. 변경된 대출빙자 보이스피싱 예방을 위한 사전 문진표 1부. 끝."
감2017-11020,개인신용정보 보호실태 자체점검 매뉴얼 발간 및 배포 안내,디지털금융감독국,20171117,폐지,(붙임) 개인신용정보 보호실태 자체점검 매뉴얼.hwp,https://www.fss.or.kr/fss.hpdownload?path=/law/ptl/&file=2160256_20171117151904902_0.hwp&filere=%28%EB%B6%99%EC%9E%84%29+%EA%B0%9C%EC%9D%B8%EC%8B%A0%EC%9A%A9%EC%A0%95%EB%B3%B4+%EB%B3%B4%ED%98%B8%EC%8B%A4%ED%83%9C+%EC%9E%90%EC%B2%B4%EC%A0%90%EA%B2%80+%EB%A7%A4%EB%89%B4%EC%96%BC.hwp,디지털금융감독국,디지털금융감독국 금융데이터보호팀,황지선 선임검사역,02-3145-7156,"1.관련근거 - 금융규제 운영규정 제16조

2.금감원은 금융회사의 개인신용정보 보호 자율규제 역량 강화를 위해 금융회사가 「신용정보의 이용 및 보호에 관한 법률」에 따른 준수 필요사항을 정확히 이해하고 법상 의무이행 여부를 효과적으로 점검할 수 있도록 「개인신용정보 보호실태 자체점검 매뉴얼」을 붙임과 같이 배포하오니 관련 업무 수행에 활용하여 주시기 바랍니다.


- 아  래 -

- [관리번호] 감2017-11020
-[지도목적]금융회사의 개인신용정보 보호실태 자체점검 및 취약점 보완 등의 자율규제 활동 지원을 통해 금융업권 전반의 개인신용정보 보호 수준을 향상시키는 한편, 개인신용정보 유출 및 오·남용에 대한 금융소비자의 불안감 해소
- [지도내용] 붙임 참조
- [관련법령] 신용정보의 이용 및 보호에 관한 법률
- [내부경영사항 관련] 해당 없음"
감2017-41004,보험설계사 모집 시 유의사항,보험감독국,20170810,시행중,공문_보험설계사 모집 시 유의사항.hwp,https://www.fss.or.kr/fss.hpdownload?path=/law/ptl/&file=2220753_20220427172218052_0.hwp&filere=%EA%B3%B5%EB%AC%B8_%EB%B3%B4%ED%97%98%EC%84%A4%EA%B3%84%EC%82%AC+%EB%AA%A8%EC%A7%91+%EC%8B%9C+%EC%9C%A0%EC%9D%98%EC%82%AC%ED%95%AD.hwp,보험감독국,보험제도팀,신창욱 선임조사역,02-3145-7478,"1. 그간 수차례에 걸친 우리원의 유의사항 안내에도 불구하고 금년 상반기에 모 보험회사에서 취업준비생을 대상으로 보험설계사를 모집하면서 ‘인턴’, ‘채용’ 등 보험설계사와 무관한 용어를 사용하여 일부 구직자의 오해를 불러일으킨 사례가 보도*되어 보험업계의 신뢰를 크게 훼손한 바 있습니다. 

     * JTBC('17.1.31.), '금융인턴 모집한다더니...보험설계사 충원 꼼수‘
       MBC('17.3.5.), '만만한게 취준생? 낚시 채용에 두 번 우는 취준생‘

             2. 이와 관련하여 고용노동부에서도 직업안정법 제34조에 해당하는 거짓구인광고라고 단정지을 수는 없으나 구직자들에게 혼란을 줄 수 있다는 입장입니다(참고자료). 

             3. 향후 보험설계사 모집 시에는 ‘보험업법상 보험설계사를 모집하는 것으로 정규 또는 비정규 직원채용과는 무관’하다는 내용을 본문 글자와 유사한 크기로 눈에 잘 띄는 색을 사용하여 광고문안 등에 기재하는 등 금번 건과 같은 불미스러운 사례가 재발되지 않도록 각별히 유의하시기 바랍니다. 


            - 아 래 -          
 
  - [관리번호] 감2017-41004
  - [감독행정목적] 보험설계사 모집 관련 허위광고를 근절하여 보험업계의 신뢰 훼손·구직자들의 혼란 야기를 방지
  - [감독행정내용] 보험설계사 모집시 정규 또는 비정규 직원 채용으로 오인케 하는 사례가 재발되지 않도록 유의
  - [관련법령] 직업안정법 제34조
  - [내부경영사항 관련] 해당 없음"
감2017-11018,대출빙자형 보이스피싱 피해 방지 관련 유의사항,불법금융대응단,20170619,폐지,붙임. 대출빙자형 보이스피싱 피해 방지 관련 유의사항 안내 1부.hwp,https://www.fss.or.kr/fss.hpdownload?path=/law/ptl/&file=2020390_20170619203933428_0.hwp&filere=%EB%B6%99%EC%9E%84.+%EB%8C%80%EC%B6%9C%EB%B9%99%EC%9E%90%ED%98%95+%EB%B3%B4%EC%9D%B4%EC%8A%A4%ED%94%BC%EC%8B%B1+%ED%94%BC%ED%95%B4+%EB%B0%A9%EC%A7%80+%EA%B4%80%EB%A0%A8+%EC%9C%A0%EC%9D%98%EC%82%AC%ED%95%AD+%EC%95%88%EB%82%B4+1%EB%B6%80.hwp,불법금융대응단,불법금융대응단 금융사기대응팀,구소원 검사역,02-3145-8123,"1. 관련근거        - 「금융규제 운영규정」 제16조

      2. 「전기통신금융사기 피해방지 및 피해금 환급에 관한 특별법」제2조의2(전기통신금융사기에 대한 대응 등) 등에 따라 붙임과 같이 대출빙자형 보이스피싱 피해 방지 관련 유의사항을 안내하오니 관련 업무 수행에 만전을 기하여 주시기 바랍니다.
 
-  아    래  -
         - [관리번호] 감2017-11018
         - [지도목적] 전기통신금융사기 발생 방지
         - [지도내용] 붙임 참조
         - [관련법령] 「전기통신금융사기 피해방지 및 피해금 환급에 관한 특별법」제2조의2 및 동법 시행령 제2조의2
         - [내부경영사항 관련] 해당 없음

붙임 : 대출빙자형 보이스피싱 피해 방지 관련 유의사항 안내 1부.  끝."
감2017-11013,동일인 다수계좌개설 관련 내부통제 강화 요청,불법금융대응단,20170619,폐지,붙임. 동일인 다수계좌개설 관련 내부통제 강화 요청 1부.hwp,https://www.fss.or.kr/fss.hpdownload?path=/law/ptl/&file=2020390_20170620175626637_0.hwp&filere=%EB%B6%99%EC%9E%84.+%EB%8F%99%EC%9D%BC%EC%9D%B8+%EB%8B%A4%EC%88%98%EA%B3%84%EC%A2%8C%EA%B0%9C%EC%84%A4+%EA%B4%80%EB%A0%A8+%EB%82%B4%EB%B6%80%ED%86%B5%EC%A0%9C+%EA%B0%95%ED%99%94+%EC%9A%94%EC%B2%AD+1%EB%B6%80.hwp,불법금융대응단,불법금융대응단 금융사기대응팀,구소원 검사역,02-3145-8123,"1. 관련근거        - 「금융규제 운영규정」 제16조

      2. 「전기통신금융사기 피해방지 및 피해금 환급에 관한 특별법」제2조의2(전기통신금융사기에 대한 대응 등) 등에 따라 붙임과 같이 동일인 다수계좌개설 관련 유의사항을 안내하오니 관련 업무 수행에 만전을 기하여 주시기 바랍니다.


-  아    래  -
         - [관리번호] 감2017-11013
         - [지도목적] 전기통신금융사기 발생 방지
         - [지도내용] 붙임참조
         - [유효기간] 해당사항 없음
         - [관련법령] 「전기통신금융사기 피해방지 및 피해금 환급에 관한 특별법」제2조의2 및 동법 시행령 제2조의2
         - [내부경영사항 관련] 해당 없음


붙임 : 동일인 다수계좌개설 관련 내부통제 강화 요청 1부.  끝."
감2017-11016,전기통신금융사기에 이용된 전화번호 이용중지 신고양식 변경,불법금융대응단,20170619,폐지,붙임1. 전기통신금융사기에 이용된 전화번호 이용중지 신고 양식 변경 1부.hwp | 붙임2. 변경된 전기통신금융사기 전화번호 신고 양식 1부.hwp,https://www.fss.or.kr/fss.hpdownload?path=/law/ptl/&file=2020390_20170620181533557_0.hwp&filere=%EB%B6%99%EC%9E%841.+%EC%A0%84%EA%B8%B0%ED%86%B5%EC%8B%A0%EA%B8%88%EC%9C%B5%EC%82%AC%EA%B8%B0%EC%97%90+%EC%9D%B4%EC%9A%A9%EB%90%9C+%EC%A0%84%ED%99%94%EB%B2%88%ED%98%B8+%EC%9D%B4%EC%9A%A9%EC%A4%91%EC%A7%80+%EC%8B%A0%EA%B3%A0+%EC%96%91%EC%8B%9D+%EB%B3%80%EA%B2%BD+1%EB%B6%80.hwp | https://www.fss.or.kr/fss.hpdownload?path=/law/ptl/&file=2020390_20170620181533571_1.hwp&filere=%EB%B6%99%EC%9E%842.+%EB%B3%80%EA%B2%BD%EB%90%9C+%EC%A0%84%EA%B8%B0%ED%86%B5%EC%8B%A0%EA%B8%88%EC%9C%B5%EC%82%AC%EA%B8%B0+%EC%A0%84%ED%99%94%EB%B2%88%ED%98%B8+%EC%8B%A0%EA%B3%A0+%EC%96%91%EC%8B%9D+1%EB%B6%80.hwp,불법금융대응단,불법금융대응단 금융사기대응팀,구소원 검사역,02-3145-8123,"1. 관련근거        - 「금융규제 운영규정」 제16조

      2. “전기통신 금융사기 전화번호 신고 양식”을 <붙임2>와 같이 일부 변경*하였으니 전기통신금융사기 피해자가 수정된 양식에 따라 신고할 수 있도록 귀행(사)의 적극적인 협조를 부탁드립니다.

 * 보이스피싱 사기범이 사기전화 시도시 대부분 발신전화번호와 수신전화번호를 별도로 운용하는 점을 감안하여 ‘피해자가 문자메시지를 받은 후 사기범에게 전화를 건 번호’를 추가 기재하도록 양식 변경

      3. 아울러 본 건 문서를 「금융규제 운영규정」 제16조에 따라 아래와 같이 감독행정으로 등록하였음을 알려드립니다.

-  아    래  -
         - [관리번호] 감2017-11016
         - [지도목적] 전기통신금융사기 발생 방지
         - [지도내용] 붙임 참조
         - [유효기간] 해당사항 없음
         - [관련법령] 「전기통신금융사기 피해방지 및 피해금 환급에 관한 특별법」제2조의2 및 동법 시행령 제2조의2
         - [내부경영사항 관련] 해당 없음

붙임 1. 전기통신금융사기에 이용된 전화번호 이용중지 신고양식 변경(’16.12.28. 시행) 1부.
     2. 변경된 전기통신금융사기 전화번호 신고 양식(’17.7.3. 시행) 1부.  끝."
감2017-11015,외국인을 이용한 대포통장 개설 사건 발생에 따른 유의사항 안내,불법금융대응단,20170619,폐지,붙임. 외국인을 이용한 대포통장 개설 사건 발생에 따른 유의사항 안내 1부.hwp,https://www.fss.or.kr/fss.hpdownload?path=/law/ptl/&file=2020390_20170620181741291_0.hwp&filere=%EB%B6%99%EC%9E%84.+%EC%99%B8%EA%B5%AD%EC%9D%B8%EC%9D%84+%EC%9D%B4%EC%9A%A9%ED%95%9C+%EB%8C%80%ED%8F%AC%ED%86%B5%EC%9E%A5+%EA%B0%9C%EC%84%A4+%EC%82%AC%EA%B1%B4+%EB%B0%9C%EC%83%9D%EC%97%90+%EB%94%B0%EB%A5%B8+%EC%9C%A0%EC%9D%98%EC%82%AC%ED%95%AD+%EC%95%88%EB%82%B4+1%EB%B6%80.hwp,불법금융대응단,불법금융대응단 금융사기대응팀,구소원 검사역,02-3145-8123,"1. 관련근거        - 「금융규제 운영규정」 제16조 

      2. 「전기통신금융사기 피해방지 및 피해금 환급에 관한 특별법」제2조의2(전기통신금융사기에 대한 대응 등) 등에 따라 붙임과 같이 외국인을 이용한 대포통장 개설 사건 발생에 따른 유의사항을 안내하오니 관련 업무 수행에 만전을 기하여 주시기 바랍니다.

-  아    래  -
         - [관리번호] 감2017-11015
         - [지도목적] 전기통신금융사기 발생 방지
         - [지도내용] 붙임 참조
         - [유효기간] 해당사항 없음
         - [관련법령] 「전기통신금융사기 피해방지 및 피해금 환급에 관한 특별법」제2조의2 및 동법 시행령 제2조의2
         - [내부경영사항 관련] 해당 없음


붙임 : 외국인을 이용한 대포통장 개설 사건 발생에 따른 유의사항 안내 1부.  끝."
감2017-41003,아파트 입주민에 대한 구내치료비 보험금 지급시 유의사항 안내,보험감독국,20170612,폐지,감독행정 내용.hwp,https://www.fss.or.kr/fss.hpdownload?path=/law/ptl/&file=2140175_20170612134347407_0.hwp&filere=%EA%B0%90%EB%8F%85%ED%96%89%EC%A0%95+%EB%82%B4%EC%9A%A9.hwp,보험감독국,특수보험2팀,최영석 팀장,02-3145-7464,"1. 관련근거 - 「금융규제 운영규정」 제16조

      2.「보험업법」제127조의3(기초서류 기재사항 준수의무) 등에 따라 아파트 입주민에 대한 구내치료비 보험금 지급이 누락되지 않도록 관련업무 수행에 만전을 기하여 주시기 바랍니다.

-  아    래  -
         - [관리번호] 감2017-41003
         - [지도목적] 아파트 입주민에 대한 구내치료비 보험금 지급 철저
         - [지도내용] 붙임 참조
         - [유효기간] 해당사항 없음
         - [관련법령] 보험업법 제127조의3
         - [내부경영사항 관련] 해당 없음

         - [폐지일자] 2024.08.30
         - [폐지사유] 감독행정 이행 완료에 따른 폐지. 끝."
감2017-33002,회계기준서 도입 자문용역 의뢰 및 수행시 유의사항,감사인감리실,20170609,폐지,(붙임) 사례별 자문용역 수행 가능 여부.hwp,https://www.fss.or.kr/fss.hpdownload?path=/law/ptl/&file=2190527_20210629093934947_0.hwp&filere=%28%EB%B6%99%EC%9E%84%29+%EC%82%AC%EB%A1%80%EB%B3%84+%EC%9E%90%EB%AC%B8%EC%9A%A9%EC%97%AD+%EC%88%98%ED%96%89+%EA%B0%80%EB%8A%A5+%EC%97%AC%EB%B6%80.hwp,감사인감리실,감사인감리총괄팀,이은솔 선임조사역,02-3145-7868,"1. 관련근거 - 「금융규제 운영규정」제16조
 
2.「주식회사 등의 외부감사에 관한 법률」제6조에 따르면, 감사인은 감사대상 재무제표 작성과 관련된 회계처리 자문용역을 제공할 수 없습니다.

3. 이와 관련하여 향후 적용이 예정된 기업회계기준서 제1109호 및 제1115호 등에 대한 기준서 도입 자문용역을 감사인이 수행할 경우, 감사인이 회사의 재무제표 작성에 직·간접적으로 관여*하는 자기검토위협이 발생하는 바,「주식회사 등의 외부감사에 관한 법률」에서 금지하고 있는 회계처리 자문행위에 해당할 소지가 있으므로 주의를 기울일 필요가 있습니다.

  * 기준서 도입 자문용역의 재무제표 작성 관여 예시

   - 기준서 영향분석과정에서 회사의 회계처리 및 관련시스템 변경이 필요한 부분을 구분함으로써 재무제표 작성방향을 제시
   - 회계정책 수립과정에서 도입예정 기준서 관련 회계처리방법 결정에 관여
   - 업무·전산구축 지원과정에서 회계사건이 재무제표에 반영되는 절차를 제시하는 등 재무정보 체계 및 회계 근거기록 작성을 지원
   - 공시정보 지원과정에서 주석을 포함한 공시 재무제표를 작성·검증 

4. 따라서, (붙임)과 같이 사례별 자문용역 수행 가능여부를 안내해 드리오니, 감사인 또는 회사가 신규기준서 도입 자문용역을 제공 또는 의뢰하고자 하는 경우, 상기와 같은「주식회사 등의 외부감사에 관한 법률」위반 소지를 고려하여 업무를 수행·의뢰하여 주시기 바랍니다.

<아 래>
- [관리번호] 감2017-33002
- [지도목적] 회계기준서 도입 자문용역 의뢰 및 수행시 독립성 확인 안내
- [지도내용] 붙임 참조
- [유효기간] 해당 사항 없음
- [관련법령] 주식회사 등의 외부감사에 관한 법률 제6조
- [내부경영사항 관련] 해당 사항 없음

 [폐지 일자] 2024.06.21.
 [폐지 사유] 관련 회계기준서 도입* 후 장기간이 경과 되어 감독행정 유지 불요. 끝.
 
 * 제1109호('18.2.28.), 제1115호('18.10.26.)
    

- [폐지일자] 2024년 06월 21일"
감2017-11007,전자금융사고보고 기준 관련 유의사항 안내,디지털금융검사국,20170601,폐지,170407 전자금융사고보고 관련 유의사항 안내(금융회사 배포)_d13_FN.hwp,https://www.fss.or.kr/fss.hpdownload?path=/law/ptl/&file=2140951_20170526151555265_0.hwp&filere=170407+%EC%A0%84%EC%9E%90%EA%B8%88%EC%9C%B5%EC%82%AC%EA%B3%A0%EB%B3%B4%EA%B3%A0+%EA%B4%80%EB%A0%A8+%EC%9C%A0%EC%9D%98%EC%82%AC%ED%95%AD+%EC%95%88%EB%82%B4%28%EA%B8%88%EC%9C%B5%ED%9A%8C%EC%82%AC+%EB%B0%B0%ED%8F%AC%29_d13_FN.hwp,디지털금융검사국,디지털금융검사국 검사기획팀,박규도 검사역,02-3145-7335,"1. 관련근거
    - 「금융규제 운영규정」제16조


2. 전자금융사고보고 기준과 관련하여 아래와 같이 유의사항을 통보하오니, 동 유의사항을 참고하여 전자금융사고 보고를 철저히 이행하여 주시기 바랍니다.

                                            - 아   래  -
      -[관리번호] 감2017-11007
      -[지도목적] 금융회사 및 전자금융업자의 전자금융사고보고 제도에 대한 이해도를 제고하고 규정을 준수하도록 안내·지도함으로써 전자금융거래의 안전성과 신뢰성을 확보할 수 있는 환경을 마련하고자 함
       -[지도내용] 붙임 참조
       -[관련법령] 「전자금융감독규정」제73조
       -[내부경영사항 관련] 해당 없음


붙임 : 전자금융사고보고 관련 유의사항 1부.  끝"
감2017-11006,전자금융감독규정 해설,디지털금융감독국,20170524,폐지,전자금융감독규정_해설_FN.pdf,https://www.fss.or.kr/fss.hpdownload?path=/law/ptl/&file=2140727_20170519174033031_0.pdf&filere=%EC%A0%84%EC%9E%90%EA%B8%88%EC%9C%B5%EA%B0%90%EB%8F%85%EA%B7%9C%EC%A0%95_%ED%95%B4%EC%84%A4_FN.pdf,디지털금융감독국,디지털금융감독국 디지털금융총괄팀,이준호 선임검사역,02-3145-7124,"1. 관련근거
           - 「금융규제 운영규정 제16조」

          2. 금융회사 및 전자금융업자의 IT 운영업무의 효율성을 도모하고, 전자금융감독과 관련한 이해를 돕기 위하여 ’09.12월 발간한 「전자금융감독규정 해설서」의 내용이 그 간 수차례 개정된 현행 규정과 내용이 상이하여, 아래와 같이 「전자금융감독규정 해설서 개정판」을 송부하오니 향후 관련 업무 수행에 참고해주시기 바랍니다. 
  
- 아   래  -

 - [관리번호] 감2017-11006
 - [지도목적] 금융회사의 전자금융감독규정에 관한 이해도를 제고하고 자체적으로 규정을 준수하도록 안내ㆍ지도함으로써 전자금융거래의 신뢰성을 제고할 수 있는 환경을 마련하고자 함
 - [지도내용] 붙임 참조
 - [현 담당자] 디지털금융감독국 이준호 조사역
 - [관련법령] 「전자금융거래법」
 - [내부경영사항 관련] 해당 없음"
감2017-21002,은행이용자 보호를 위한 유의사항 송부,은행감독국,20170512,폐지,붙임1_금리인하요구권 관련사항.hwp | 붙임2_고령자 해피콜 관련사항.hwp | 붙임3_모바일뱅크 관련사항.hwp,https://www.fss.or.kr/fss.hpdownload?path=/law/ptl/&file=2020020_20170518112543663_0.hwp&filere=%EB%B6%99%EC%9E%841_%EA%B8%88%EB%A6%AC%EC%9D%B8%ED%95%98%EC%9A%94%EA%B5%AC%EA%B6%8C+%EA%B4%80%EB%A0%A8%EC%82%AC%ED%95%AD.hwp | https://www.fss.or.kr/fss.hpdownload?path=/law/ptl/&file=2020020_20170518112543673_1.hwp&filere=%EB%B6%99%EC%9E%842_%EA%B3%A0%EB%A0%B9%EC%9E%90+%ED%95%B4%ED%94%BC%EC%BD%9C+%EA%B4%80%EB%A0%A8%EC%82%AC%ED%95%AD.hwp | https://www.fss.or.kr/fss.hpdownload?path=/law/ptl/&file=2020020_20170518112543684_2.hwp&filere=%EB%B6%99%EC%9E%843_%EB%AA%A8%EB%B0%94%EC%9D%BC%EB%B1%85%ED%81%AC+%EA%B4%80%EB%A0%A8%EC%82%AC%ED%95%AD.hwp,은행감독국,은행감독국 은행제도팀,김성준 선임조사역,02-3145-8032,"우리원 소비자보호실무협의회(’17.4.13.)에서 논의된 사항(붙임 1, 붙임 2) 및 한국소비자원 조사결과(붙임 3)를 붙임과 같이 송부하오니, 귀 은행의 은행이용자 보호 업무에 참고하시기 바랍니다.

                                -  아    래  -
         - [관리번호] 감2017-21002  
         - [지도목적] 은행이용자 보호 관련 유의사항 등 송부
         - [지도내용] 붙임 참조
         - [관련법령] 은행법 제52조의2 제2항 및 제3항
         - [내부경영사항 관련] 해당 없음"
감2017-21001,"여신심사 선진화 가이드라인 개정(전국은행연합회, '16.12.13.) 관련 금융소비자 안내 강화",은행감독국,20170512,폐지,"여신심사 선진화 가이드라인 개정(전국은행연합회, '16.12.13.) 관련 금융소비자 안내 강화.hwp",https://www.fss.or.kr/fss.hpdownload?path=/law/ptl/&file=2200188_20210630113225895_0.hwp&filere=%EC%97%AC%EC%8B%A0%EC%8B%AC%EC%82%AC+%EC%84%A0%EC%A7%84%ED%99%94+%EA%B0%80%EC%9D%B4%EB%93%9C%EB%9D%BC%EC%9D%B8+%EA%B0%9C%EC%A0%95%28%EC%A0%84%EA%B5%AD%EC%9D%80%ED%96%89%EC%97%B0%ED%95%A9%ED%9A%8C%2C+%2716.12.13.%29+%EA%B4%80%EB%A0%A8+%EA%B8%88%EC%9C%B5%EC%86%8C%EB%B9%84%EC%9E%90+%EC%95%88%EB%82%B4+%EA%B0%95%ED%99%94.hwp,은행감독국,가계신용분석팀,김성우 선임조사역,02-3145-8048,"1. 관련근거
            - 은행법 제52조의3, 은행법 시행령 제24조의5, 은행업감독규정 제89조 제9항 및 금융규제 운영규정 제16조

          2. 전국은행연합회는 2016.12.13일 여신심사 선진화를 위한 가이드라인을 개정하여 시행한다고 발표한바 있으며, 이는 ’17.1.1. 이후 입주자모집 공고되는 사업장의 집단 잔금대출에 대한 비거치식 분할상환 및 Stress DTI 적용, DSR 산출 및 활용, 주택담보대출에 대한 소득자료 확보 의무화 등을 주요내용으로 하고 있습니다. 

          3. 은행법 제52조의3, 은행법 시행령 제24조의5 및 은행업감독규정 제89조 제9항에 따라 은행이용자에게 적절한 정보와 자료를 제공하기 위하여, 여신심사 선진화 가이드라인 개정(전국은행연합회, '16.12.13.) 관련 금융소비자 안내 강화를 아래와 같이 시행하오니 향후 관련 업무 수행에 만전을 기하여 주시기 바랍니다. 

                                 - 아 래 - 
- [관리번호] : 감2017-21001
- [지도목적] : 대출조건 관련 중요 변경사항에 대한 금융소비자 안내를 강화
- [지도내용] : 집단대출(이주비, 중도금 및 잔금대출) 상품 광고물 제작 시 개정된 여신심사 선진화를 위한 가이드라인의 내용을 반영
- [관계법령] : 은행법 제52조의3, 은행법 시행령 제24조의5, 은행업감독규정 제89조 제9항 및 금융규제 운영규정 제 16조
- [내부경영사항 관련] : 해당 없음"
감2017-31002,자산운용사의 단기금융집합투자기구(MMF) 비상대응계획에 대한 보완 필요사항 통보,자산운용감독국,20170424,폐지,(붙임) 비상대응계획 관련 보완 필요사항F.hwp,https://www.fss.or.kr/fss.hpdownload?path=/law/ptl/&file=2160288_20170424095851643_0.hwp&filere=%28%EB%B6%99%EC%9E%84%29+%EB%B9%84%EC%83%81%EB%8C%80%EC%9D%91%EA%B3%84%ED%9A%8D+%EA%B4%80%EB%A0%A8+%EB%B3%B4%EC%99%84+%ED%95%84%EC%9A%94%EC%82%AC%ED%95%ADF.hwp,자산운용감독국,자산운용감독국 자산운용총괄팀,최혜선 선임조사역,02-3145-6703,"1. 관련근거 - 「금융규제 운영규정」 제16조

2. MMF를 운용하는 자산운용사는 「자본시장과 금융투자업에 관한 법률 시행령」 제241조제2항제5호 및 「금융투자업규정」 제7-20조제2항제5호에 따라 MMF의 위험을 체계적으로 관리할 수 있도록 위험관리기준을 제정하고 이를 준수할 수 있는 내부통제제도를 갖추어야 하며, 이와 관련해 금융투자협회의 「표준MMF위험관리기준」에서는 위기단계별 비상대응계획의 수립을 권고하고 있습니다.

3. 우리원이 자산운용사의 MMF 위험관리 실태를 전수 점검한 결과, 위험발생시 비상대응계획을 수립하지 않거나 위기단계에 대한 정의 및 대응방안이 구체적이지 못하고 추상적으로 기술되어 있는 등 미흡한 사례가 다수 발견되었습니다.

4. 이에 ‘붙임’을 참고하여 MMF 비상대응계획을 구체적으로 수립·보완함으로써 실제 위기발생시 적기에 대응할 수 있도록 만전을 기하여 주시기 바랍니다.


- 아 래 -
- [관리번호] 감2017-31002
- [지도목적] 단기금융집합투자기구 비상대응계획 수립 및 보완
- [지도내용] 붙임 참조
- [유효기간] 해당사항 없음
- [관련법령] 자본시장과 금융투자업에 관한 법률 시행령, 금융투자업규정
- [내부경영사항 관련] 해당 없음"
감2017-13001,자동화기기 VAN사 CD/ATM기 보안취약점 개선 요청,디지털금융검사국,20170414,폐지,정보유출사고 관련 CDATM 보안취약점 개선필요사항.hwp,https://www.fss.or.kr/fss.hpdownload?path=/law/ptl/&file=2180604_20210614172028958_0.hwp&filere=%EC%A0%95%EB%B3%B4%EC%9C%A0%EC%B6%9C%EC%82%AC%EA%B3%A0+%EA%B4%80%EB%A0%A8+CDATM+%EB%B3%B4%EC%95%88%EC%B7%A8%EC%95%BD%EC%A0%90+%EA%B0%9C%EC%84%A0%ED%95%84%EC%9A%94%EC%82%AC%ED%95%AD.hwp,디지털금융검사국,디지털금융검사국 검사기획팀,이우람 팀장,02-3145-7426,"1. 항상 금융감독원 업무에 적극 협조하여 주신데 대해 감사드립니다.

          2. 최근 자동화기기 VAN사의 CD/ATM기에서 고객정보 유출 사고가 발생하여 자동화기기 VAN사에 대한 긴급 보안실태 현장점검을 실시하였습니다.

          3. 점검결과 나타난 보안취약점에 대해 신속한 개선 조치를 요청하오니, VAN사별 점검 주관 금융회사는 금번 사고원인과 관련된 사항(붙임 참조) 중 즉시 조치가 안된 보안취약점은 2개월 이내에 개선 완료*토록 조치하여 주시고

           * 불가피하게 완료일정이 미뤄지는 경우 전담 금융회사가 완료시까지 관리·통제 강화

            그밖에 보안 취약점에 대해서는 개선계획을 징구하여 이행완료 시 까지 보완여부를 점검하여 주시기 바랍니다.(사고원인 관련사항의 보안조치 완료여부는 6월중 재점검)
 
          4. 아울러, VAN사 CD/ATM기 서비스를 이용하고 있는 금융회사는 금융보안원과 협조하여 VAN사 CD/ATM기 공동 보안대책을 수립 운영하는데 만전을 기해 주시기 바랍니다.

          5. 향후 위탁 금융회사의 관리·감독 소홀(전자금융감독규정 제60조 위반 등)로 자동화기기 VAN사에서 IT보안사고 발생시 관련 규정에 따라 엄중한 책임을 부과할 계획이오니 이 점 양지하시기 바랍니다. 

붙 임 : 정보유출사고 관련 CD/ATM 보안취약점 개선필요사항 1부. 끝."
감2017-41002,질병수술보험금 지급시 유의사항 안내,보험감독국,20170413,폐지,170413_감독행정작용_붙임.hwp,https://www.fss.or.kr/fss.hpdownload?path=/law/ptl/&file=2080123_20170414110441675_0.hwp&filere=170413_%EA%B0%90%EB%8F%85%ED%96%89%EC%A0%95%EC%9E%91%EC%9A%A9_%EB%B6%99%EC%9E%84.hwp,보험감독국,특수보험2팀,최영석 팀장,02-3145-7464,"1. 관련근거        - 「금융규제 운영규정」 제16조

      2. 「보험업법」제127조의3(기초서류 기재사항 준수의무) 등에 따라 질병수술보험금 지급이 누락되지 않도록 관련업무 수행에 만전을 기하여 주시기 바랍니다.

-  아    래  -
         - [관리번호] 감2017-41002
         - [지도목적] 질병수술보험금 지급 철저
         - [지도내용] 붙임 참조
         - [유효기간] 해당사항 없음
         - [관련법령] 보험업법 제127조의3
         - [내부경영사항 관련] 해당 없음

         - [폐지일자] 2024.08.30
         - [폐지사유] 감독행정 이행 완료에 따른 폐지. 끝."
감2017-41001,보험업 감독규정 시행(상품비교설명 제도 도입) 관련 유의사항 안내,보험감독국,20170309,폐지,,,보험감독국,보험감독국 보험제도팀,김도현 선임검사역,02-3145-7478,"1. 대형 법인보험대리점이 보험을 모집할 때 동종 또는 유사한 3개 이상의 보험상품(비교 가능한 상품이 3개 이상일 경우에는 3개 이상, 3개 미만일 경우에는 전 상품을 말하며, 비교대상 상품은 다른 보험회사의 상품을 말함)을 비교·설명토록 하는 보험업 감독규정(제4-11조 제1항, 별표 5의6)이 2017년 4월 1일부터 시행될 예정입니다. 

           2. 이와 관련하여 각 대형 법인보험대리점에서는 소비자 피해가 발생하지 않도록 필요한 조치를 취하는 등 제도시행 준비에 만전을 기하는 한편, 소비자가 상품비교를 위해 요구하는 정보를 즉시 제공할 수 있는 여건을 갖추는 등 규모에 맞는 역할과 책임을 다하여 주시기 바랍니다. 끝."
감2017-11002,「금융분야 개인정보보호 가이드라인」개정 안내,디지털금융감독국,20170228,폐지,금융분야_개인정보보호_가이드라인_개정본.pdf,https://www.fss.or.kr/fss.hpdownload?path=/law/ptl/&file=2141003_20170227175948761_0.pdf&filere=%EA%B8%88%EC%9C%B5%EB%B6%84%EC%95%BC_%EA%B0%9C%EC%9D%B8%EC%A0%95%EB%B3%B4%EB%B3%B4%ED%98%B8_%EA%B0%80%EC%9D%B4%EB%93%9C%EB%9D%BC%EC%9D%B8_%EA%B0%9C%EC%A0%95%EB%B3%B8.pdf,디지털금융감독국,디지털금융감독국 금융데이터보호팀,황지선 선임검사역,02-3145-7156,"1. 관련근거
           - 「금융규제 운영규정 제16조」

          2. 금융회사의 개인정보 보호의무를 지원하고 「신용정보의 이용 및 보호에 관한 법률」 및 「개인정보 보호법」 등 개인정보보호 관련 법률에 따른 명확한 업무 처리 기준을 제시하기 위하여, 「금융분야 개인정보보호 가이드라인」을 아래와 같이 시행하오니 향후 관련업무 수행에 만전을 기하여 주시기 바랍니다.

- 아   래  -

 - [관리번호] 감2017-11002
 - [지도목적] 금융회사의 개인정보 관련 법률 이해도를 제고하고 자체적으로 법률을 준수하도록 안내ㆍ지도함으로써 금융소비자의 개인정보가 안전하게 수집ㆍ처리ㆍ관리될 수 있는 신뢰감 있는 금융거래 환경을 마련하기 위함
 - [지도내용] 붙임 참조
 - [관련법령] 「신용정보의 이용 및 보호에 관한 법률」
 - [내부경영사항 관련] 해당 없음"
감2016-11008,「금융회사의 고위험 금융투자상품에 대한 상품조사ㆍ숙지의무 가이드라인」안내,금융소비자보호총괄국,20161230,폐지,161230 금융회사의 고위험 금융투자상품에 대한 상품조사ㆍ숙지의무(KYP) 가이드라인.pdf,https://www.fss.or.kr/fss.hpdownload?path=/law/ptl/&file=2100063_20161230095350778_0.pdf&filere=161230+%EA%B8%88%EC%9C%B5%ED%9A%8C%EC%82%AC%EC%9D%98+%EA%B3%A0%EC%9C%84%ED%97%98+%EA%B8%88%EC%9C%B5%ED%88%AC%EC%9E%90%EC%83%81%ED%92%88%EC%97%90+%EB%8C%80%ED%95%9C+%EC%83%81%ED%92%88%EC%A1%B0%EC%82%AC%E3%86%8D%EC%88%99%EC%A7%80%EC%9D%98%EB%AC%B4%28KYP%29+%EA%B0%80%EC%9D%B4%EB%93%9C%EB%9D%BC%EC%9D%B8.pdf,금융소비자보호총괄국,금융소비자보호총괄국 금융상품판매감독1팀,정지혜 선임조사역,02-3145-5688,"1. 관련근거
           - 「금융규제 운영규정 제 16조」

          2. (겸영)금융투자업자가 투자자에게 고위험 금융투자상품을 판매할 경우 자본시장법 제46조에 따른 적합성원칙 및 제47조에 따른 설명의무를 올바로 준수하도록 하기 위하여 「금융회사의 고위험 금융투자상품에 대한 상품조사ㆍ숙지의무 가이드라인」을 아래와 같이 시행하오니 향후 관련 업무 수행시 참고하여 주시기 바랍니다.

- 아   래  -

 - [관리번호] 감2016-11008
 - [지도목적] 고위험 금융투자상품에 대한 자본시장법상 적합성 원칙 및 설명의무를 올바르게 준수할 수 있도록 하여 투자자 보호를 제고
 - [지도내용] 붙임 참조
 - [관련법령] 자본시장법 제46조 제3항, 자본시장법 제47조 제1항
 - [내부경영사항 관련] 해당 없음"
감2016-43004,실손의료보험 표준약관 개정('16.12.8.) 관련 안내,보험감독국,20161229,폐지,161228_감독행정작용_붙임 파일.hwp,https://www.fss.or.kr/fss.hpdownload?path=/law/ptl/&file=2080123_20161229093758177_0.hwp&filere=161228_%EA%B0%90%EB%8F%85%ED%96%89%EC%A0%95%EC%9E%91%EC%9A%A9_%EB%B6%99%EC%9E%84+%ED%8C%8C%EC%9D%BC.hwp,보험감독국,특수보험2팀,심재민 선임조사역,02-3145-7468,"1. 관련근거        - 「금융규제 운영규정」 제16조

      2. 의사협회, 우리원 분쟁조정위원회 전문위원 등의 자문을 통해 붙임과 같이 비급여 다리정맥류 수술 관련 치료목적 판단기준을 마련하였으니 향후 귀사의 보험금 지급심사업무에 참고하시기 바랍니다. 

-  아    래  -
         - [관리번호] 감2016-43004
         - [감독행정목적] 치료목적으로 비급여 다리정맥류 수술을 받은 가입자는실손의료보험 약관에 따라 보험금 지급받을 수 있도록 참고기준 안내
         - [감독행정내용] 붙임 참조
         - [유효기간] 해당사항 없음
         - [관련법령] 보험업법 제127조의3
         - [내부경영사항 관련] 해당 없음
    

- [폐지일자] 2024년 07월 16일
     
- [폐지사유] 감독행정 이행 완료에 따른 폐지"
감2016-41003,보험상품개발 업무 관련 내부통제기준 등에 대한 감리결과 안내,보험감독국,20161122,시행중,붙임_보험상품개발 업무 관련 내부통제기준 등에 대한 감리결과.hwp,https://www.fss.or.kr/fss.hpdownload?path=/law/ptl/&file=2130793_20161121174351017_0.hwp&filere=%EB%B6%99%EC%9E%84_%EB%B3%B4%ED%97%98%EC%83%81%ED%92%88%EA%B0%9C%EB%B0%9C+%EC%97%85%EB%AC%B4+%EA%B4%80%EB%A0%A8+%EB%82%B4%EB%B6%80%ED%86%B5%EC%A0%9C%EA%B8%B0%EC%A4%80+%EB%93%B1%EC%97%90+%EB%8C%80%ED%95%9C+%EA%B0%90%EB%A6%AC%EA%B2%B0%EA%B3%BC.hwp,보험감독국,특수보험2팀,최영석 팀장,02-3145-7464,"1. 귀 사의 무궁한 발전을 기원합니다.

          2. 우리원이 보험업법 등 관련법규에 근거하여 일부 보험회사의 보험상품개발 업무 관련 내부통제기준, 기초서류 및 공시 안내자료 등에 대하여 감리한 결과를 <붙임>과 같이 안내합니다.

          3. 각 보험회사는 최적기초율 산정 등 상품개발 업무와 관련된 내부통제기준을 포함하여 관련 기초서류 및 보험안내자료 등을 자체 점검하고, 필요시 개선계획을 마련하여, 그 결과를 2016년 12월 16일까지 우리원에 제출하여 주시기 바랍니다.



붙임 : 보험상품개발 업무 관련 내부통제기준 등에 대한 감리결과 1부. 끝.


           - 아 래 -           

  - [관리번호] 감2016-41003
  - [감독행정목적] 보험상품개발 업무 관련 내부통제기준 등에 대한 감리결과 안내
  - [감독행정내용] 붙임 참조
  - [관련법령] 보험업법 제129조
  - [내부경영사항 관련] 해당 없음"
감2016-13002,실손의료보험 의료급여 수급권자 할인 적용시 유의사항 안내,보험감독국,20161118,폐지,실손의료보험 의료급여 수급권자 할인 적용시 유의사항 안내.hwp,https://www.fss.or.kr/fss.hpdownload?path=/law/ptl/&file=2070403_20161228183212156_0.hwp&filere=%EC%8B%A4%EC%86%90%EC%9D%98%EB%A3%8C%EB%B3%B4%ED%97%98+%EC%9D%98%EB%A3%8C%EA%B8%89%EC%97%AC+%EC%88%98%EA%B8%89%EA%B6%8C%EC%9E%90+%ED%95%A0%EC%9D%B8+%EC%A0%81%EC%9A%A9%EC%8B%9C+%EC%9C%A0%EC%9D%98%EC%82%AC%ED%95%AD+%EC%95%88%EB%82%B4.hwp,보험감독국,특수보험2팀,심재민 선임조사역,02-3145-7468,"1. 관련근거        - 「금융규제 운영규정」 제16조

      2. 보험업감독업무시행세칙 [별표14]에 따라 의료급여 수급권자 할인제도를 운영함에 있어, 의료급여 수급권자가 누락되지 않고 보험료 할인을 받을 수 있도록 향후 관련업무 수행에 만전을 기하여 주시기 바랍니다.

                         -  아    래  -

         - [관리번호] 감2016-13002  
         - [지도목적] 실손의료보험 의료급여 수급권자 할인제도 적용 철저
         - [지도내용] 붙임 참조
         - [유효기간] 해당사항 없음
         - [관련법령] 보험업법 제127조의3
         - [내부경영사항 관련] 해당 없음

    
     붙임 : 실손의료보험 의료급여 수급권자 할인 적용시 유의사항 안내 1부.  끝.

    

- [폐지일자] 2024년 07월 16일
     
- [폐지사유] 감독행정 이행 완료에 따른 폐지"
감2016-11004,「부적합 상품 등 판매절차 가이드라인」 안내,금융소비자보호총괄국,20160517,폐지,160517 부적합 가이드라인 첨부(최종).hwp,https://www.fss.or.kr/fss.hpdownload?path=/law/ptl/&file=2050226_20160517095058556_0.hwp&filere=160517+%EB%B6%80%EC%A0%81%ED%95%A9+%EA%B0%80%EC%9D%B4%EB%93%9C%EB%9D%BC%EC%9D%B8+%EC%B2%A8%EB%B6%80%28%EC%B5%9C%EC%A2%85%29.hwp,금융소비자보호총괄국,금융소비자보호총괄국 금융상품판매감독1팀,정지혜 선임조사역,02-3145-5688,"1. 관련근거        - 「금융규제 운영규정」 제16조

      2. (겸영)금융투자업자가 투자자에게 투자성향에 적합하지 않은 금융투자상품을 판매할 경우 자본시장법 제46조를 준수하도록 하기 위하여,「부적합 상품 등 판매절차 가이드라인」을 아래와 같이 시행합니다.

      3. 향후, 부적합 상품 등 판매 절차 개선실태를 점검할 예정인바, 업무에 만전을 기하여 주시기 바랍니다. 특히, 투자자 성향 평가 체계를 임의로 조정하거나 투자자의 성향을 유도하여 부적합 상품 판매 비율을 낮추는 일이 없도록 유의하시기 바랍니다.

                                                 -  아    래  -
         - [관리번호] 감2016-11004호  
         - [지도목적] 자본시장법상 적합성 원칙의 준수를 통하여 투자자 보호에 기여
         - [지도내용] 붙임 참조
         - [관련법령] 자본시장법 제46조 제3항
         - [내부경영사항 관련] 해당 없음"
감2016-51001,중고 POS단말기 처리 관련 유의사항 통보,여신금융검사국,20160505,폐지,(붙임)중고 POS단말기 처리 관련 유의사항_밴사.hwp | (붙임)중고 POS단말기 처리 관련 유의사항_여전사.hwp,https://www.fss.or.kr/fss.hpdownload?path=/law/ptl/&file=2070467_20160504133839201_0.hwp&filere=%28%EB%B6%99%EC%9E%84%29%EC%A4%91%EA%B3%A0+POS%EB%8B%A8%EB%A7%90%EA%B8%B0+%EC%B2%98%EB%A6%AC+%EA%B4%80%EB%A0%A8+%EC%9C%A0%EC%9D%98%EC%82%AC%ED%95%AD_%EB%B0%B4%EC%82%AC.hwp | https://www.fss.or.kr/fss.hpdownload?path=/law/ptl/&file=2070467_20160504133839216_1.hwp&filere=%28%EB%B6%99%EC%9E%84%29%EC%A4%91%EA%B3%A0+POS%EB%8B%A8%EB%A7%90%EA%B8%B0+%EC%B2%98%EB%A6%AC+%EA%B4%80%EB%A0%A8+%EC%9C%A0%EC%9D%98%EC%82%AC%ED%95%AD_%EC%97%AC%EC%A0%84%EC%82%AC.hwp,여신금융검사국,여신금융검사국 여전업검사1팀,이경태 선임검사역,02-3145-8813,"1. 관련근거
          - 「금융규제 운영규정」 제16조

         2. 최근 중고 POS단말기에서 신용카드결제 정보가 유출되어 위조카드가 제작/부정사용된 범죄가 보도된 바 있습니다.

         3. 「신용정보의 이용 및 보호에 관한 법률」 제20조의2제2항에 따라 금융거래 등 상거래관계가 종료된 경우 POS단말기에 저장된 신용정보는 일정기간 안에 삭제되어야 합니다.

         4. 이와 관련하여 신용정보가 저장된 중고 POS단말기 처리 관련 유의사항을 통보하오니 그 이행에 만전을 기하여 주시기 바라며, 그 추진 결과를 2016.5월말까지 금융감독원에 보고하여 주시기 바랍니다. 끝. 

                                       -  아   래 -

         - [관리번호] 감2016-51001  
         - [지도목적] 중고 POS단말기를 이용한 카드복제 사고 대응
         - [지도내용] 붙임 참조
         - [관련법령] 여신전문금융업법, 신용정보의 이용 및 보호에 관한 법률, 개인정보보호법
         - [내부경영사항 관련] 해당 없음"
감2016-11003,외화대출 취급관련 유의사항 통보,외환감독국,20160331,시행중,외화대출 취급관련 유의사항 통보.hwp,https://www.fss.or.kr/fss.hpdownload?path=/law/ptl/&file=2220753_20220426162916128_0.hwp&filere=%EC%99%B8%ED%99%94%EB%8C%80%EC%B6%9C+%EC%B7%A8%EA%B8%89%EA%B4%80%EB%A0%A8+%EC%9C%A0%EC%9D%98%EC%82%AC%ED%95%AD+%ED%86%B5%EB%B3%B4.hwp,외환감독국,외환건전성감독팀,박민형 선임조사역,02-3145-7931,"최근 국내외 금융·경제환경 변화 등으로 외환시장의 변동성이 확대되고 있음

이와 관련하여 향후 외화대출 차주의 대출이자 부담이 급증할 우려가 있으니, 외화대출 취급시 차주에게 환율변동 위험을 사전 고지하고, 필요시 선물환 등 환변동 위험에 대한 헤지상품을 적절히 안내하는 등 은행법 제52조의2 제2항을 준수하여 금융소비자 보호를 위해 만전을 기해 주시기 바람

아울러 국내 경기회복 지연 등에 따라 연체율 등 외화대출의 건전성이 악화될 우려가 있으므로 건전성 관리를 강화해 주시기 바람.  끝.


            -  아  래  -

  - [관리번호] 감2016-11003

  - [감독행정목적] 금융소비자 보호

  - [감독행정내용] 국내외 금융·경제환경 변화 등으로 외환시장 변동성이 확대됨에 따라 향후 외화대출 차주의 대출이자 부담이 급증할 우려가 있어, 외화대출 취급시 차주에게 환율변동 위험을 사전 고지하고, 필요시 선물환 등 환변동 위험에 대한 헤지상품을 적절히 안내하는 등 금융소비자 보호를 위해 만전을 기할 것을 통보. 또한 국내 경기회복 지연에 따라 연체율 등 외화대출의 건전성이 악화될 우려가 있으므로 건전성 관리를 강화하도록 요청.

  - [관련법령] 은행법 제52조의2 제2항

  - [내부경영사항 관련] 해당 없음"
감2016-13001,비대면 실명확인 절차 관련 점검 및 관리사항,은행감독국,20160317,폐지,비대면 실명확인 활용 서비스 출시 관련 유의사항 안내(최종).hwp,https://www.fss.or.kr/fss.hpdownload?path=/law/ptl/&file=2070403_20161121172542776_0.hwp&filere=%EB%B9%84%EB%8C%80%EB%A9%B4+%EC%8B%A4%EB%AA%85%ED%99%95%EC%9D%B8+%ED%99%9C%EC%9A%A9+%EC%84%9C%EB%B9%84%EC%8A%A4+%EC%B6%9C%EC%8B%9C+%EA%B4%80%EB%A0%A8+%EC%9C%A0%EC%9D%98%EC%82%AC%ED%95%AD+%EC%95%88%EB%82%B4%28%EC%B5%9C%EC%A2%85%29.hwp,은행감독국,은행감독국 은행제도팀,김성준 선임조사역,02-3145-8032,"1.귀 행의 무궁한 발전을 기원합니다.

2. 최근 은행들은 변화하는 금융거래 환경에 대응하여 비대면 실명확인 절차를 이용한 다양한 서비스를 출시하고 있습니다.

3. 비대면 실명확인 절차는 영상통화, 신분증 사본제출, 타금융기관정보 활용, 바이오인증 등 IT기술에 기반하여 다양한 방식으로 제공될 수 있으며, 그에 따라 영상, 음성, 바이오정보 등의 신종 고객정보가 은행에 수집·보관되고 있습니다.

4. 그러나 비대면 실명확인 절차는 본인확인절차의 소홀이나 제휴 IT기업의 과실, 신종 고객정보에 대한 관리미흡으로 인해 고객의 금융정보가 유출되거나 위·변조되는 등의 금융사고가 발생할 위험이 있습니다.

5. 따라서 향후 관련 금융서비스를 출시할 경우, 사업부, 전산부, 고객정보보호부 및 준법지원 관련부서에서는 붙임의 내용을 참고하여 소비자에게 편리하면서도 안전한 금융서비스가 제공될 수 있도록 협조하여 주시기 바랍니다.


관련법령 : 개인정보보호법, 전자금융거래법, 전자금융감독규정, 은행업감독규정, 약관의 규제에 관한 법률 등


(붙임) 비대면 실명확인 절차 관련 점검 및 관리사항.  끝."
감2016-21002,계좌이동서비스 3단계 시행 관련 유의사항 통보,은행감독국,20160317,폐지,계좌이동서비스 관련 대고객 영업 유의사항 지도.hwp,https://www.fss.or.kr/fss.hpdownload?path=/law/ptl/&file=2070403_20161121172426538_0.hwp&filere=%EA%B3%84%EC%A2%8C%EC%9D%B4%EB%8F%99%EC%84%9C%EB%B9%84%EC%8A%A4+%EA%B4%80%EB%A0%A8+%EB%8C%80%EA%B3%A0%EA%B0%9D+%EC%98%81%EC%97%85+%EC%9C%A0%EC%9D%98%EC%82%AC%ED%95%AD+%EC%A7%80%EB%8F%84.hwp,은행감독국,은행감독국 은행제도팀,김성준 선임조사역,02-3145-8032,'16.2.26.부터 계좌이동서비스가 은행창구에서도 가능해짐에 따라 은행 창구직원이 영업행위시 유의해야 할 사항을 통보
감2016-11002,신용카드등 부가서비스 운영 관련 유의사항 통보,여신금융감독국,20160303,폐지,신용카드등 부가서비스 운영 관련 유의사항 통보.hwp | [폐지일자 및 폐지사유] 신용카드 등 부가서비스 운영 관련 유의사항 통보.hwpx,https://www.fss.or.kr/fss.hpdownload?path=/law/ptl/&file=2210190_20210621134734207_0.hwp&filere=%EC%8B%A0%EC%9A%A9%EC%B9%B4%EB%93%9C%EB%93%B1+%EB%B6%80%EA%B0%80%EC%84%9C%EB%B9%84%EC%8A%A4+%EC%9A%B4%EC%98%81+%EA%B4%80%EB%A0%A8+%EC%9C%A0%EC%9D%98%EC%82%AC%ED%95%AD+%ED%86%B5%EB%B3%B4.hwp | https://www.fss.or.kr/fss.hpdownload?path=/law/ptl/&file=2160181_20240220164356957_0.hwpx&filere=%5B%ED%8F%90%EC%A7%80%EC%9D%BC%EC%9E%90+%EB%B0%8F+%ED%8F%90%EC%A7%80%EC%82%AC%EC%9C%A0%5D+%EC%8B%A0%EC%9A%A9%EC%B9%B4%EB%93%9C+%EB%93%B1+%EB%B6%80%EA%B0%80%EC%84%9C%EB%B9%84%EC%8A%A4+%EC%9A%B4%EC%98%81+%EA%B4%80%EB%A0%A8+%EC%9C%A0%EC%9D%98%EC%82%AC%ED%95%AD+%ED%86%B5%EB%B3%B4.hwpx,여신금융감독국,여신금융영업감독팀,최준석 검사역,3145-7445,"1. 최근 일부 카드사가 부가서비스 관련 홈페이지 내용을 임의로 수정하거나, 일부 카드상품의 상품설명서를 홈페이지에 공시하지 않는 등 고객의 권익을 침해할 소지가 있는 방법으로 카드상품 부가서비스 등을 운영하는 사례를 확인

2. 각 카드사에 부가서비스 변경 및 약관 공시와 관련하여 여신전문금융업법 및 여신전문금융업감독규정을 준수할 것을 요청. 끝.

- [관련법령] 여신전문금융업법시행령 별표1의3


- [폐지사유]「여신전문금융업감독규정」이 개정(제25조제2항, 2021.03.25. 시행)됨에 따른 근거규정 삭제
- [폐지일자]  2024.02.20

끝."
감2016-11001,펀드 투자위험등급 기준 등 변경 안내,자산운용감독국,20160202,폐지,(붙임1) 기업공시서식 작성기준 개정내용.hwp | (붙임2) 펀드 투자위험등급 기준 등 변경 관련 안내.hwp,https://www.fss.or.kr/fss.hpdownload?path=/law/ptl/&file=2140190_20160202135511417_0.hwp&filere=%28%EB%B6%99%EC%9E%841%29+%EA%B8%B0%EC%97%85%EA%B3%B5%EC%8B%9C%EC%84%9C%EC%8B%9D+%EC%9E%91%EC%84%B1%EA%B8%B0%EC%A4%80+%EA%B0%9C%EC%A0%95%EB%82%B4%EC%9A%A9.hwp | https://www.fss.or.kr/fss.hpdownload?path=/law/ptl/&file=2140190_20160202135511425_1.hwp&filere=%28%EB%B6%99%EC%9E%842%29+%ED%8E%80%EB%93%9C+%ED%88%AC%EC%9E%90%EC%9C%84%ED%97%98%EB%93%B1%EA%B8%89+%EA%B8%B0%EC%A4%80+%EB%93%B1+%EB%B3%80%EA%B2%BD+%EA%B4%80%EB%A0%A8+%EC%95%88%EB%82%B4.hwp,자산운용감독국,자산운용감독국 자산운용제도팀,문인하 조사역,02-3145-6707,"「기업공시서식 작성기준」이 개정(’16.1.26. 개정, 펀드 투자위험등급 관련)됨에 따라, 이에 대한 이해를 돕기 위하여 붙임시행문과 같이 자산운용회사 및 집합투자증권 판매회사에 개정내용 및 설명자료를 송부"
감2016-43001,재난관련 의무보험 상품의 종업원 피해보장 강화 관련 유의사항 통보,금융상품심사국,20160201,폐지,(감2016-43001)재난관련 의무보험 상품의 종업원 피해보장 강화 관련 유의사항 통보.hwp,https://www.fss.or.kr/fss.hpdownload?path=/law/ptl/&file=2200021_20210628134542112_0.hwp&filere=%28%EA%B0%902016-43001%29%EC%9E%AC%EB%82%9C%EA%B4%80%EB%A0%A8+%EC%9D%98%EB%AC%B4%EB%B3%B4%ED%97%98+%EC%83%81%ED%92%88%EC%9D%98+%EC%A2%85%EC%97%85%EC%9B%90+%ED%94%BC%ED%95%B4%EB%B3%B4%EC%9E%A5+%EA%B0%95%ED%99%94+%EA%B4%80%EB%A0%A8+%EC%9C%A0%EC%9D%98%EC%82%AC%ED%95%AD+%ED%86%B5%EB%B3%B4.hwp,금융상품심사국,금융상품심사국 보장상품심사팀,강주연 조사역,02-3145-8243,"1. 평소 우리원 업무에 협조해 주셔서 감사합니다.

2. 관계부처 합동으로 2015년부터 추진중인 '안전산업 활성화 방안'의 일환으로, 금융위원회로부터 종업원 피해보장 강화를 위한 의무보험상품의 약관 개정이 필요하다는 협조 요청이 있었는바, 재난관련 의무보험상품에서 종업원에 대한 피해 보장이 강화(신체피해를 보장하는 특별약관 등 운용)될 수 있도록 협조하여 주시기 바랍니다.

※  종업원 피해보장 확대 대상(관련법률) : 고압가스안전관리법, 도시가스사업법, 액화석유가스법, 사회복지사업법, 원자력손해배상법, 유선 및 도선사업법, 수산업법(유어장 규칙), 낚시관리 및 육성법, 체육시설법, 궤도운송법 등(2016.1월 배포된 보험개발원의 '특종보험 참조순보험요율서'에 ‘종업원 배상책임 특별약관’ 요율 기반영). 끝."
감2016-22003,은행 공시ㆍ광고 등 실태 점검결과 통보,은행감독국,20160126,폐지,,,은행감독국,은행감독국 은행제도팀,김성준 선임조사역,02-3145-8032,"최근 공시 강화를 통한 시장규율의 중요성과 영업환경 변화에 따른 인터넷 홈페이지 공시의 중요성이 증대되고 있어, '15.11.24.~12.29. 기간 중 은행권의 2015년도 공시ㆍ광고 등 이행실태를 점검한 결과 개선 필요 사항을 각 은행에 통보하여 공시ㆍ광고 실태를 전반적으로 자체점검하고 필요한 조치를 취한 후 그 결과 및 개선계획을 2016.2.12.(금)까지 우리원에 보고하도록 함.

관련법령 : 은행법 제52조 등"
감2016-23001,계좌이동서비스 3단계 시행 관련 내부통제 강화 철저,은행감독국,20160118,폐지,,,은행감독국,은행감독국 은행제도팀,김성준 선임조사역,02-3145-8032,계좌이동서비스 관련으로 소비자의 피해가 발생하지 않도록  각 은행에 내부통제 강화를 요청
감2016-41001,기업성보험의 참조순보험요율 산출 및 약관 사용 관련 유의사항 등 통보,금융상품심사국,20160107,폐지,(감2016-41001)기업성 보험의 참조순보험요율 산출 및 약관 적용 관련 유의사항 등 통보.hwp,https://www.fss.or.kr/fss.hpdownload?path=/law/ptl/&file=2200021_20210628134419641_1.hwp&filere=%28%EA%B0%902016-41001%29%EA%B8%B0%EC%97%85%EC%84%B1+%EB%B3%B4%ED%97%98%EC%9D%98+%EC%B0%B8%EC%A1%B0%EC%88%9C%EB%B3%B4%ED%97%98%EC%9A%94%EC%9C%A8+%EC%82%B0%EC%B6%9C+%EB%B0%8F+%EC%95%BD%EA%B4%80+%EC%A0%81%EC%9A%A9+%EA%B4%80%EB%A0%A8+%EC%9C%A0%EC%9D%98%EC%82%AC%ED%95%AD+%EB%93%B1+%ED%86%B5%EB%B3%B4.hwp,금융상품심사국,금융상품심사국 보장상품심사팀,강주연 조사역,02-3145-8243,"1. 보험업법 제176조 제4항 및 제5항에 의거 보험요율 산출기관은 기업성 보험에 대하여 단계적으로 참조순보험요율을 확대.산출하여 주시기 바라며, 각 손해보험회사는 보험업법 제176조 제5항에 의거 보험요율 산출기관이 참조순보험요율을 산출할 수 있도록 통계제공 등을 적극 협조하여 주시기 바랍니다.

2. 아울러, 보험업법 시행령 제71조의5 및 별표7에 의하면 보험약관을 이해하기 쉽게 작성하도록 규정하고 있는바, 각 손해보험회사는 참조순보험요율 적용에 맞춰 현재 사용 중인 영문약관의 사용을 줄이고 국문약관의 사용을 확대하는 등 보험약관을 이해하기 쉽게 작성할 수 있도록 협조하여 주시기 바랍니다. 끝."
