금융회사명,업종
(주)BNK금융지주,지주
JB금융지주,지주
농협금융지주 주식회사,지주
우리금융지주,지주
주식회사 디지비금융지주,지주
주식회사 메리츠금융지주,지주
주식회사 신한금융지주회사,지주
주식회사 우리금융지주,지주
주식회사 케이비금융지주,지주
주식회사 하나금융지주,지주
㈜신한금융지주,지주
㈜케이비금융지주,지주
한국투자금융지주 주식회사,지주
(주)엠유에프지은행 서울지점,은행
OCBC 은행 서울지점,은행
경남은행,은행
광주은행,은행
㈜국민은행,은행
국민은행,은행
농협은행,은행
농협은행㈜,은행
농협은행주식회사,은행
대구은행,은행
아이엠뱅크,은행
미쓰이스미토모은행,은행
미즈호,은행
바덴뷔르템베르크주립은행 서울지점,은행
부산은행,은행
소시에테제네랄,은행
수협은행,은행
㈜신한은행,은행
신한은행,은행
㈜우리은행,은행
우리은행,은행
우리은행(베트남우리은행),은행
웰스파고은행 서울지점,은행
인도네시아느가라은행 서울지점,은행
㈜전북은행,은행
전북은행,은행
제이피모간체이스은행 서울지점,은행
제주은행,은행
주식회사 카카오뱅크,은행
주식회사 케이뱅크,은행
중국건설은행,은행
중국건설은행 서울지점,은행
중국공상은행,은행
중국광대은행주식유한회사 서울지점,은행
중국농업은행주식유한회사 ,은행
중국은행,은행
중소기업은행,은행
크레디 아그리콜 코퍼레이트 앤 인베스트먼트 뱅크,은행
토스뱅크 주식회사,은행
파키스탄국립은행 서울지점,은행
㈜하나은행,은행
하나은행,은행
한국산업은행,은행
한국수출입은행,은행
㈜한국스탠다드차타드은행,은행
한국스탠다드차타드은행,은행
한국씨티은행,은행
홍콩상하이은행 서울지점,은행
도이치파이낸셜㈜,캐피탈
미래에셋캐피탈㈜,캐피탈
비엔케이캐피탈㈜,캐피탈
씨앤에이치캐피탈㈜,캐피탈
엔에이치농협캐피탈㈜,캐피탈
엠캐피탈㈜,캐피탈
오케이캐피탈 ㈜,캐피탈
㈜에이치비캐피탈,캐피탈
케이비캐피탈㈜,캐피탈
하나캐피탈㈜,캐피탈
현대캐피탈㈜,캐피탈
 ㈜비엔케이투자증권,증권
 ㈜아이엠증권,증권
IBK투자증권,증권
KB증권㈜,증권
KB증권주식회사,증권
KB증권주식회사(뉴욕현지법인),증권
NH투자증권,증권
SK증권주식회사,증권
교보증권(주),증권
교보증권㈜,증권
대신증권㈜,증권
대신증권주식회사,증권
디비금융투자㈜,증권
메리츠증권㈜,증권
미래에셋증권 주식회사,증권
미래에셋증권㈜,증권
부국증권㈜,증권
삼성증권,증권
삼성증권(주),증권
신영증권주식회사,증권
신한금융투자㈜,증권
신한투자증권 주식회사,증권
유안타증권(주),증권
유안타증권㈜,증권
유안타증권주식회사,증권
유화증권㈜,증권
키움증권(주),증권
하나금융투자㈜,증권
하나증권,증권
하나증권주식회사,증권
하이투자증권(주),증권
하이투자증권㈜,증권
한국투자증권,증권
한국투자증권㈜,증권
한화투자증권주식회사,증권
현대차증권,증권
현대차증권주식회사,증권
 ㈜대신저축은행,저축은행
(경기)오정농업협동조합,저축은행
(경기)페퍼저축은행,저축은행
(경남)거제수산업협동조합,저축은행
(대구)화원신용협동조합,저축은행
(부산)광안신용협동조합,저축은행
(부산)동원제일저축은행,저축은행
(부산)흥국저축은행,저축은행
(서울)舊라이브( 이에스)저축은행,저축은행
(서울)유진저축은행,저축은행
(충남)상상인플러스저축은행,저축은행
HB저축은행,저축은행
고려저축은행,저축은행
농업협동조합중앙회,저축은행
다올저축은행,저축은행
대구달성산림조합금융,저축은행
대구대서신용협동조합,저축은행
대신저축은행,저축은행
대아상호저축은행,저축은행
대원상호저축은행,저축은행
대화(UOB)은행,저축은행
더블저축은행,저축은행
동양저축은행,저축은행
동원제일저축은행,저축은행
디에이치저축은행,저축은행
라온저축은행,저축은행
모아저축은행,저축은행
비엔케이저축은행,저축은행
산림조합중앙회,저축은행
삼호저축은행,저축은행
상상인저축은행,저축은행
서창농협,저축은행
솔브레인저축은행,저축은행
스마트저축은행,저축은행
안국저축은행,저축은행
애큐온저축은행,저축은행
에스비아이저축은행,저축은행
예가람저축은행,저축은행
오성저축은행,저축은행
오에스비저축은행,저축은행
오케이저축은행,저축은행
오투저축은행,저축은행
우리금융저축은행,저축은행
우리저축은행,저축은행
유안타저축은행,저축은행
인천저축은행,저축은행
제이티저축은행,저축은행
제이티친애저축은행,저축은행
㈜대신저축은행,저축은행
㈜오케이저축은행,저축은행
중앙농협,저축은행
참저축은행,저축은행
케이비저축은행,저축은행
키움예스저축은행,저축은행
페퍼저축은행,저축은행
한국투자저축은행,저축은행
한화저축은행,저축은행
흥국저축은행,저축은행
 ㈜트라움자산운용,신탁 및 자산운용
DB자산운용주식회사,신탁 및 자산운용
KB부동산신탁㈜,신탁 및 자산운용
KB자산운용,신탁 및 자산운용
골든브릿지자산운용,신탁 및 자산운용
그로쓰힐자산운용,신탁 및 자산운용
대덕자산운용 주식회사,신탁 및 자산운용
대신자산운용,신탁 및 자산운용
대한토지신탁,신탁 및 자산운용
디스커버리자산운용 주식회사,신탁 및 자산운용
라이프자산운용 주식회사,신탁 및 자산운용
로버스트자산운용㈜,신탁 및 자산운용
르네상스자산운용주식회사,신탁 및 자산운용
리딩자산운용 주식회사,신탁 및 자산운용
마이다스에셋자산운용,신탁 및 자산운용
마크자산운용 주식회사,신탁 및 자산운용
메테우스자산운용㈜,신탁 및 자산운용
멜론자산운용,신탁 및 자산운용
무궁화신탁,신탁 및 자산운용
미래에셋자산운용,신탁 및 자산운용
바로자산운용,신탁 및 자산운용
밸류파트너스자산운용 주식회사,신탁 및 자산운용
보고펀드자산운용,신탁 및 자산운용
브이아이자산운용 주식회사,신탁 및 자산운용
비엔비자산운용,신탁 및 자산운용
비엔케이자산운용,신탁 및 자산운용
삼성에스알에이자산운용,신탁 및 자산운용
삼성자산운용,신탁 및 자산운용
수성자산운용 주식회사,신탁 및 자산운용
스탠다드자산운용 주식회사,신탁 및 자산운용
스틱얼터너티브자산운용 주식회사,신탁 및 자산운용
신라자산운용 주식회사,신탁 및 자산운용
씨비알이인베스트먼트매니지먼트자산운용 주식회사,신탁 및 자산운용
씨스퀘어자산운용㈜,신탁 및 자산운용
아너스자산운용 주식회사,신탁 및 자산운용
아샘자산운용㈜,신탁 및 자산운용
아스트라자산운용,신탁 및 자산운용
아시아신탁,신탁 및 자산운용
아이리스자산운용 주식회사,신탁 및 자산운용
아이온자산운용,신탁 및 자산운용
아이파트너스자산운용,신탁 및 자산운용
아트만자산운용 주식회사,신탁 및 자산운용
알펜루트자산운용,신탁 및 자산운용
앱솔루트자산운용,신탁 및 자산운용
얼라이언스번스틴자산운용,신탁 및 자산운용
에셋플러스자산운용,신탁 및 자산운용
에이아이피자산운용,신탁 및 자산운용
에이알에이코리아자산운용,신탁 및 자산운용
엘비자산운용 주식회사,신탁 및 자산운용
엘엔에스자산운용,신탁 및 자산운용
엘케이자산운용 주식회사,신탁 및 자산운용
요위스자산운용 주식회사,신탁 및 자산운용
우리금융캐피탈㈜,신탁 및 자산운용
우리자산신탁,신탁 및 자산운용
원자산운용 주식회사,신탁 및 자산운용
위너스자산운용,신탁 및 자산운용
유리자산운용,신탁 및 자산운용
유진자산운용㈜,신탁 및 자산운용
이든자산운용 주식회사,신탁 및 자산운용
이지스자산운용주식회사,신탁 및 자산운용
인마크자산운용,신탁 및 자산운용
인트러스투자운용 주식회사,신탁 및 자산운용
제이비자산운용,신탁 및 자산운용
제이에이치자산운용 주식회사,신탁 및 자산운용
조인에셋글로벌자산운용㈜,신탁 및 자산운용
㈜람다자산운용,신탁 및 자산운용
㈜밸류시스템자산운용,신탁 및 자산운용
주식회사 레인메이커자산운용,신탁 및 자산운용
주식회사 에스비자산운용,신탁 및 자산운용
주식회사 엠디엠자산운용,신탁 및 자산운용
㈜얼터너티브투자자문자산운용,신탁 및 자산운용
㈜품에자산운용,신탁 및 자산운용
㈜피델리스자산운용,신탁 및 자산운용
㈜휴먼자산운용,신탁 및 자산운용
지엠비인베스트먼트㈜,신탁 및 자산운용
지큐자산운용,신탁 및 자산운용
천지인엠파트너스,신탁 및 자산운용
케이씨지아이자산운용 주식회사,신탁 및 자산운용
켄달스퀘어자산운용 주식회사,신탁 및 자산운용
코너스톤자산운용 주식회사,신탁 및 자산운용
코람코자산신탁,신탁 및 자산운용
코레이트자산운용,신탁 및 자산운용
코링크프라이빗에쿼티,신탁 및 자산운용
코어밸류인베스트먼트 주식회사,신탁 및 자산운용
코어자산운용,신탁 및 자산운용
쿼드자산운용㈜,신탁 및 자산운용
텐베이스인베스트,신탁 및 자산운용
트라움자산운용,신탁 및 자산운용
트레스자산운용 주식회사,신탁 및 자산운용
티아이자산운용(주),신탁 및 자산운용
티엘자산운용 주식회사,신탁 및 자산운용
파인스트리트자산운용 주식회사,신탁 및 자산운용
파인아시아 자산운용,신탁 및 자산운용
파인트리자산운용,신탁 및 자산운용
퍼시픽브릿지자산운용㈜,신탁 및 자산운용
퍼시픽자산운용,신탁 및 자산운용
푸른파트너스자산운용㈜,신탁 및 자산운용
프라핏자산운용㈜,신탁 및 자산운용
플랫폼파트너스자산운용 주식회사,신탁 및 자산운용
피데스자산운용,신탁 및 자산운용
피델리티자산운용,신탁 및 자산운용
피아이에이자산운용,신탁 및 자산운용
피타자산운용 주식회사,신탁 및 자산운용
하나자산운용,신탁 및 자산운용
하베스트프라이빗에쿼티,신탁 및 자산운용
하우자산운용,신탁 및 자산운용
하이즈에셋자산운용 주식회사,신탁 및 자산운용
한국대성자산운용 주식회사,신탁 및 자산운용
한국자산신탁,신탁 및 자산운용
한국투자신탁운용,신탁 및 자산운용
한앤파트너스자산운용㈜,신탁 및 자산운용
한일퍼스트자산운용 주식회사,신탁 및 자산운용
헤이스팅스자산운용 주식회사,신탁 및 자산운용
현대인베스트먼트자산운용,신탁 및 자산운용
현대자산운용,신탁 및 자산운용
고려신용정보㈜,신용 조사 및 추심 대행업
농협자산관리회사 경남서부지사,신용 조사 및 추심 대행업
미래신용정보㈜,신용 조사 및 추심 대행업
세일신용정보 주식회사,신용 조사 및 추심 대행업
주식회사 나이스디앤비,신용 조사 및 추심 대행업
케이에스신용정보 주식회사,신용 조사 및 추심 대행업
코리아크레딧뷰로,신용 조사 및 추심 대행업
롯데카드,신용카드
비씨카드㈜,신용카드
삼성카드,신용카드
메가마이다스투자자문(주),투자자문
아데나투자자문,투자자문
에버그린투자자문 주식회사,투자자문
에프앤자산평가,투자자문
주식회사 에임,투자자문
주식회사 지알에스투자자문,투자자문
주식회사 파운트투자자문,투자자문
㈜얼머스인베스트먼트,투자자문
㈜위드윈인베스트먼트,투자자문
㈜파운트투자자문,투자자문
크레타 투자자문,투자자문
토마토투자자문,투자자문
파베르투자자문㈜,투자자문
한국연금투자자문㈜,투자자문
