규정명,기관명,본문,제정일,최근 개정일,소관부서,첨부파일링크,첨부파일이름
｢금융소비자보호 모범규준 ｣ 개정,은행연합회,"▣ 은행연합회 자율규제 개정 공고 □ 개요 ㅇ ｢금융소비자보호 모범규준 ｣ 개정함에 있어 그 개정이유와 주요내용을 이해관계인, 전문가, 금융소비자 등에게 알리고 이에 대한 의견을 청취하고자 함 - 의견청취 기간 : ’24. 10. 16.(수) ~ ’24. 11. 4.(월) (20일간) 2024년 10월 16일 은행연합회 ▣ ｢금융소비자보호 모범규준｣ 개정 예고 □ 개정 이유 ㅇ 금융당국의 ｢중도상환수수료 제도개선 및 소비자 부담 경감방안*｣ 발표 및  ｢금융소비자보호 감독규정**｣ 개정에 따라, 중도상환수수료 산정‧ 공시 기준을 수립하기 위해「금융소비자보호 모범규준」개정(안)을 마련하여 이에 대한 심의를 제의함 * 「중도상환수수료 제도 개선 및 소비자 부담 경감방안」 주요 내용(’23.11.30.) ㅇ 중도상환수수료에 포함 가능한 비용 등 규정화(금융소비자보호 감독규정) ㅇ 중도상환수수료 산정 방법 관련 가이드라인(은행권 자율규제) 마련 ㅇ 은행별 중도상환수수료 관련 공시 강화 등 ** 「금융소비자보호 감독규정」 주요 개정사항(‘24.7.10.) ㅇ 중도상환수수료에 자금운용 관련 기회비용, 대출 계약 체결·변경·해지과정에서 소요되는 행정비용 및 모집비용 외 비용 가산 금지 □ 주요내용 ㅇ (중도상환수수료에 포함되는 비용의 범위 명확화) 대출계약 해지로 인해 발생하는 자금 조달 및 운용 손실과 회수하지 못한 행정비용‧모집비용*만 반영 * 행정비용 : 인지세, 감정평가수수료, 임대차조사수수료, 담보권설정비, 기타 대출 취급에 소요되는 비용 모집비용 : 대출 모집을 위해 지출한 비용(모집인, 플랫폼, 공인중개사 등) ㅇ (중도상환수수료 산정‧공시 기준 마련) 차주, 담보 유무, 금리변동 여부에 따라 구분하여 수수료를 산정‧부과하고, 산정된 요율을 은행연합회 홈페이지에 공시 □ 의견제출 ㅇ 동 개정(안)에 대하여 의견이 있는 단체 또는 개인은 2024년 11월 4일까지 다음 사항을 기재한 의견서를 은행연합회 담당자에게 제출하여 주시기 바랍니다. 가. 규정 개정 사항에 대한 의견(찬성 또는 반대 의견과 그 사유 및 기타 참고사항) 나. 성명(단체의 경우 단체명과 대표자명), 주소 및 전화번호 다. 보내실 곳 : (이메일) kyk0355@kfb.or.kr * 문의: 이메일(kyk0355@kfb.or.kr) 또는 전화번호(02-3705-5015) 붙임 :  ｢금융소비자보호 모범규준 ｣ 신구조문대비표 및 개정안 전문 1부. 끝.",,,여신제도부,https://www.kfb.or.kr/include/download.php?enc_para=x/ybvK0batuxwWn9qX/dEZ2L2HRoMlMDt1maOFzCIEbdQpii78M6cGpLEdlBt1M8gn*S*KqW*j1i,「금융소비자보호 모범규준」신구조문대비표 및 개정안 전문 1부.hwp
｢은행 대체투자 리스크관리 모범규준｣ 제정,은행연합회,"▣ 은행연합회 자율규제 신설 공고 □ 개요 ㅇ ｢은행 대체투자 리스크관리 모범규준 ｣ 제정함에 있어 그 제정이유와 주요내용을 이해관계인, 전문가, 금융소비자 등에게 알리고 이에 대한 의견을 청취하고자 함 - 의견청취 기간 : ’24. 9. 10.(화) ~ ’24. 9. 29.(일) (20일간) 2024년 9월 10일 은행연합회 ▣ ｢ 은행 대체투자 리스크관리 모범규준 ｣ 제정 예고 □ 제정 이유 ㅇ 부동산 부실확산 등에 대응하여 은행의 일관되고 체계적인 대체투자 리스크관리가 가능하도록 하기 위해 은행권 및 금융당국과 협의를 거쳐 ｢은행 대체투자 리스크관리 모범규준｣ 제정(안)을 마련함 □ 주요내용 ㅇ 대체투자 관련 한도 설정 및 관리, 위험관리위원회 등 관련 조직 설치, 현지실사 실시 원칙 마련 등 - (대체투자 정의) 부동산·사회기반시설·실물자산 등에 해당하는 국외 소재 자산에 대한 투자 - (위험관리) 대체투자 자산별, 지역별 등 리스크 속성을 고려한 각종 분류 기준에 따라 세분화된 투자한도 설정 및 관리 - (관리체계 등) 대체투자 업무를 체계적으로 관리하기 위하여 위험관리위원회 및 의사결정기구를 포함한 조직의 설치 및 운영방안 등 구축, 대체투자 관련 업무절차·관리체계·투자심사체계에 대한 적정성 점검 - (현지실사) 대체투자 자산 투자시 투자자산에 대한 현지조사 실시를 해야하며, 불가능할 경우 사전에 마련한 대체 절차 및 방식 적용 가능 □ 의견제출 ㅇ 동 제정(안)에 대하여 의견이 있는 단체 또는 개인은 2024년 9월 29일까지 다음 사항을 기재한 의견서를 은행연합회 담당자에게 제출하여 주시기 바랍니다. 가. 규정 신설 사항에 대한 의견(찬성 또는 반대 의견과 그 사유 및 기타 참고사항) 나. 성명(단체의 경우 단체명과 대표자명), 주소 및 전화번호 다. 보내실 곳 : (이메일) kjj0405@kfb.or.kr * 문의: 이메일(kjj0405@kfb.or.kr) 또는 전화번호(02-3705-5423) 붙임 : 은행 대체투자 리스크관리 모범규준 제정(안) 전문 1부. 끝.",,,수신자금부,https://www.kfb.or.kr/include/download.php?enc_para=x/*bvK0batuxwWn9qX/dEaU3exqklErc4r9bNjqXt7IFXd2JwqG04kr3NNhbQR1pJVFTDNPZu/zv,은행 대체투자 리스크관리 모범규준 제정(안) 전문 1부.hwp
｢중소기업 “신속 금융지원 프로그램” 공동운영 모범규준 ｣ 개정,은행연합회,"▣ 은행연합회 자율규제 강화 공고 □ 개요 ㅇ ｢중소기업 “신속 금융지원 프로그램” 공동운영 모범규준 ｣ 개정함에 있어 그 개정이유와 주요내용을 이해관계인, 전문가, 금융소비자 등에게 알리고 이에 대한 의견을 청취하고자 함 - 의견청취 기간 : ’23. 1. 12.(목) ~ ’23. 1. 31.(화) (20일간) 2023년 1월 12일 은행연합회 ▣  ｢중소기업 “신속 금융지원 프로그램” 공동운영 모범규준 ｣ 개정 예고 □ 개정 이유 ㅇ 최근 중소기업의 유동성 위험 발생가능성이 증가함에 따라 중소기업 신속 금융지원 프로그램의 상시운영을 위해 관련 모범규준의 일몰기한을 폐지하고 ㅇ 효과적인 기업 경영정상화 지원을 위한 지원대상 확대, 보증연계 지원 강화 등 제도 개선을 추진 □ 주요내용 ㅇ (보증기한 연장 구속력 부여) 자율협의회의 신속 금융지원 의결사항에 보증기한 연장을 포함 ㅇ (지원기간 연장 시 일부·분할 상환 의무 부여) 자율협의회 1년 연장 의결시 원금 일부상환 또는 분할상환 계획을 포함한 특별약정을 체결하여 이행 가능한 상환의무를 부과 ㅇ (구조적 부실기업 지원 제한) 완전 자본잠식, 감사의견 부적정 등의 기업에 대해서는 신속 금융지원 적용을 제한 ㅇ (신속 금융지원 취급 담당자 면책 확대) 신규자금을 포함하여 만기연장(보증기한 연장) 등 ‘全 지원내용’에 대해 취급자 면책 규정을 확대 ㅇ (지원대상 확대) 중소기업이 신속 금융지원의 기회에서 배제되지 않도록 금융회사 평가부담을 완화하고 단독지원 근거도 마련 - 신용공여액 10억 미만 기업에는 신용위험평가 없이 채권은행 자체 기준으로 신속 금융지원을 결정할 수 있도록 하여 금융회사의 평가부담 경감 □ 의견제출 ㅇ 동 개정(안)에 대하여 의견이 있는 단체 또는 개인은 2023년 1월 31일까지 다음 사항을 기재한 의견서를 은행연합회 담당자에게 제출하여 주시기 바랍니다. 가. 규정 강화 사항에 대한 의견(찬성 또는 반대 의견과 그 사유 및 기타 참고사항) 나. 성명(단체의 경우 단체명과 대표자명), 주소 및 전화번호 다. 보내실 곳 : (이메일) bsy0375@kfb.or.kr 붙임 : ｢중소기업 “신속 금융지원 프로그램” 공동운영 모범규준｣ 개정(안) 전문 1부.  끝.",,,여신금융부,https://www.kfb.or.kr/include/download.php?enc_para=x/6bvK0batuxwWn9qX/dET6gAOkH55aeebxD40645*0EjkzWOh96c/z4McYC7BFBvq7jreNc4/Wd,(붙임) 중소기업 “신속 금융지원 프로그램” 공동운영 모범규준 전문 1부.hwp
｢금융소비자보호 모범규준｣ 개정,은행연합회,"▣ 은행연합회 자율규제 강화 공고 □ 개요 ㅇ ｢금융소비자보호 모범규준｣을 개정하기 위하여 그 개정이유와 주요 내용을 이해관계인, 전문가, 금융소비자 등에게 알리고 이에 대한 의견을 청취하고자 함 - 의견청취 기간 : 2022.12.12. ~ 2022.12.21. 2022년 12월 21일 은행연합회 ▣ ｢금융소비자보호 모범규준｣ 개정 예고 □ 개정 이유 ㅇ 금융당국은 숨은 금융자산 발생 최소화를 위해 ‘숨은 금융자산 관리체계의 개선’ 추진을 발표(’22.7.5.) - 이에 은행권 및 금감원 협의를 통해 숨은 금융자산 발생예방 업무 담당 관리조직 운영 등을 반영한 개정(안)을 마련함 □ 주요내용 ㅇ 숨은 금융자산 관리조직 운영 신설(개정(안) 제15조 제1호) ㅇ 만기 시 안내 관련 사항 명확화 및 만기 이후 안내 관련사항 신설(개정(안) 제15조 제2호 내지 제3호) □ 의견제출 ㅇ 동 개정(안)에 대하여 의견이 있는 단체 또는 개인은 2022년 12월 21일까지 다음 사항을 기재한 의견서를 은행연합회 담당자에게 제출하여 주시기 바랍니다. 가. 규정 강화 사항에 대한 의견(찬성 또는 반대 의견과 그 사유 및 기타 참고사항) 나. 성명(단체의 경우 단체명과 대표자명), 주소 및 전화번호 다. 보내실 곳 : (이메일) lgh0396@kfb.or.kr 붙임 : ｢금융소비자보호 모범규준｣ 개정(안) 전문 1부.  끝.",,,소비자보호부,https://www.kfb.or.kr/include/download.php?enc_para=x/mbvK0batuxwWn9qX/dETisHRCWsTnQ8TOadkUdl2EgEF/6D9kOUK5dHFOQwtd7bJb8TBa6/k9e,금융소비자보호 모범규준 전문 1부.hwp
｢채권금융기관 출자전환주식 관리 및 매각지침｣ 개정,은행연합회,"▣ 은행연합회 자율규제 강화 공고 □ 개요 ㅇ ｢채권금융기관 출자전환주식 관리 및 매각지침｣을 개정함에 있어 그 개정이유와 주요내용을 이해관계인, 전문가, 금융소비자 등에게 알리고 이에 대한 의견을 청취하고자 함 - 의견청취 기간 : ’22. 10. 28.(금) ~ ’22. 11. 8.(화) (12일간) 2022년 10월 28일 은행연합회 ▣ ｢채권금융기관 출자전환주식 관리 및 매각지침｣ 개정 예고 □ 개정 이유 ㅇ 기업 구조조정 과정에서 금융사고가 발생함에 따라 기업 구조조정 관련 채권금융기관 자산의 관리 강화 필요성 제기 ㅇ 기업구조조정 관련 변화된 업무 환경 및 보완 필요사항 등을 반영하도록 금감원‧은행권 협의를 거쳐 기존 ⌜채권금융기관 출자전환주식 관리 및 매각지침⌟ 확대‧개편 □ 주요내용 ㅇ (적용대상 확대) - [기존] 출자전환 주식 → [개선] 출자전환주식 + 기업구조조정에서 발생하는 제반 자산(담보물, 수입금, 위약금 등) ※  자율규제 명칭도 기존  ｢채권금융기관 출자전환주식 관리 및 매각지침⌟에서  ｢채권금융기관 출자전환주식 및 제반 자산 관리‧매각지침｣ 으로 변경 ㅇ (매각대상 자산‧매각대금 관리 강화) 제3자 보관하는 등 관리절차를 강화하고 매각대금 인출시 매각협의회 승인 절차 마련 ㅇ (매각협의회 기능 강화) 매각협의회에서 주요 사항을 결정하고 매월 자금 집행내역을 정기 보고받는 등 자금관리 통제 강화 ㅇ (운영위원회 신설) 매각협의회 업무 보조를 위한 운영위원회를 신설하여 금융사고 가능성이 낮고 신속성이 필요한 일부 업무* 위임 * 우선협상대상자 선정, 부대비용 인출 등 □ 의견제출 ㅇ 동 개정(안)에 대하여 의견이 있는 단체 또는 개인은 2022년 11월 8일까지 다음 사항을 기재한 의견서를 은행연합회 담당자에게 제출하여 주시기 바랍니다. 가. 규정 강화 사항에 대한 의견(찬성 또는 반대 의견과 그 사유 및 기타 참고사항) 나. 성명(단체의 경우 단체명과 대표자명), 주소 및 전화번호 다. 보내실 곳 : (이메일) sangtack.sung@kfb.or.kr 붙임 : ｢채권금융기관 출자전환주식 관리 및 매각지침｣ 개정(안) 전문 1부.  끝.",,,여신금융부,https://www.kfb.or.kr/include/download.php?enc_para=x/ibvK0batuxwWn9qX/dEWazGLnOBMm4yQ0EV358spgNS4ttCit9ciDI*I6t7jYchbpkFIC2dzSr,(붙임1) 채권금융기관 출자전환주식 관리 및 매각지침 개정안 1부.hwp
｢은행권 방문판매 모범규준｣  제정,은행연합회,"▣ 은행연합회 자율규제 신설 공고 □ 개요 ㅇ ｢은행권 방문판매 모범규준｣을 제정하기 위하여 그 제정이유와 주요 내용을 이해관계인, 전문가, 금융소비자 등에게 알리고 이에 대한 의견을 청취하고자 함 - 의견청취 기간 : 2022.10.21. ~ 2022.10.30. 2022년 10월 21일 은행연합회 ▣ ｢은행권 방문판매 모범규준｣  개정 예고 □ 제정 이유 ㅇ 금융상품을 적용대상에서 제외한 개정 방문판매법의 ’22.12.8. 시행에 대비하여 금융상품의 방문판매에 따른 금융소비자 피해를 예방하고 권익을 제고하기 위한  ｢은행권 방문판매 모범규준｣을 제정하고자 함 □ 주요내용 ㅇ 방문판매인력의 자격요건·직무요건 및 신원확인을 위한 명부관리에 관한 사항 규정 ㅇ 방문판매 사전안내·방문판매시 절차, 금융상품판매대리·중개업자의 고지의무 및 계약서류 교부에 대해 규정 ㅇ 판매절차의 적정성 점검 및 금지행위 등에 관한 사항 규정 □ 의견제출 ㅇ 동 제정(안)에 대하여 의견이 있는 단체 또는 개인은 2022년 10월 30일까지 다음 사항을 기재한 의견서를 은행연합회 담당자에게 제출하여 주시기 바랍니다. 가. 규정 강화 사항에 대한 의견(찬성 또는 반대 의견과 그 사유 및 기타 참고사항) 나. 성명(단체의 경우 단체명과 대표자명), 주소 및 전화번호 다. 보내실 곳 : (이메일) lgh0396@kfb.or.kr 붙임 : ｢은행권 방문판매 모범규준｣ 제정(안) 전문 1부.  끝.",,,소비자보호부,https://www.kfb.or.kr/include/download.php?enc_para=x/ubvK0batuxwWn9qX/dEX1OXNMiO1muYVj0Y74CuAxi1rFlx2KrIrQmWN0SGNAhbEHqegp0pZGZ,(붙임1) 은행권 방문판매 모범규준 전문 1부.hwp
｢은행권 고령금융소비자 보호 지침｣ 제정,은행연합회,"▣ 은행연합회 자율규제 신설 공고 ｢은행권 고령금융소비자 보호 지침｣을 제정함에 있어 그 제정이유와 주요내용을 국민에게 미리 알려 이에 대한 의견을 듣고자 은행권 자율규제 운영규정 제5조에 따라 다음과 같이 공고합니다. 2022년 10월 21일 은행연합회 ▣ ｢은행권 고령금융소비자 보호 지침｣ 제정 예고 1. 제정이유 □ 고령금융소비자의 금융거래편의성 제고 및 금융재산 권익 보호 등을 위해 ｢은행권 고령금융소비자 보호 지침」을 은행권 자율규제로 제정하고자 함 2. 주요 내용 가. 고령자 관련 교육 강화, 불완전 판매 가능성 정기 점검 등 고령금융소비자 보호 관련 내부통제 강화 나. 구조가 복잡하거나 손실가능성이 큰 금융상품을 “구매권유 유의상품”으로 지정하고 고령금융소비자에게 권유 시 강화된 판매절차 적용 다. 금융상품 개발, 판매, 사후관리 등 금융거래 단계별 고령금융소비자 보호 방안 규정 라. 고령금융소비자 상담창구·상담직원 및 고령금융소비자 보호 관련 부서 운영 마. 고령자 친화적 모바일 금융앱 도입, 지정인 알림 서비스 실시 등 고령자의 금융거래 편의성 제고 및 재산상 피해 방지 관련 정책 반영 등 3. 의견제출 □ 동 지침 제정안에 대하여 의견이 있는 단체 또는 개인은 2022년 10월 30일까지 다음 사항을 기재한 의견서를 은행연합회 담당자에게 제출하여 주시기 바랍니다. 가. 자율규제 신설에 대한 의견(찬성 또는 반대 의견과 그 사유 및 기타 참고사항) 나. 성명(단체의 경우 단체명과 대표자명), 주소 및 전화번호 다. 보내실 곳 ◦ 이메일 : mms0390@kfb.or.kr 붙임 : ｢은행권 고령금융소비자 보호 지침 제정(안)」 전문 1부. 끝.",,,소비자보호부,https://www.kfb.or.kr/include/download.php?enc_para=x/qbvK0batuxwWn9qX/dEYAdTL0QL29lHwlEfvZBjzT2hOBDbRkLs1AabzMyAo42jVHsZCwgQj/3,(붙임) 은행권 고령금융소비자 보호 지침 제정(안) 전문 1부.hwp
｢대출금리 체계의 합리성 제고를 위한 모범규준｣ 개정,은행연합회,"▣ 은행연합회 자율규제 강화 공고 ㅇ ｢대출금리 체계의 합리성 제고를 위한 모범규준｣을 개정함에 있어 그 개정이유와 주요내용을 이해관계인, 전문가, 금융소비자 등에게 알리고 이에 대한 의견을 청취하고자 은행권 자율규제 운영규정 제5조에 따라 다음과 같이 공고합니다. 2022년 8월 17일 은행연합회 ｢대출금리 체계의 합리성 제고를 위한 모범규준｣ 개정 예고 1. 개정 이유 ㅇ 금리산정에 관한 은행의 자율성은 보장하되, 합리적 절차 및 근거에 따라 산정될 수 있도록 금감원, 은행권 협의를 거쳐 ｢대출금리 체계의 합리성 제고를 위한 모범규준｣ 개정(안)을 마련 2. 주요내용 ㅇ (업무원가) 원가(인건비·물건비) 산출시 원가배분 방식에 기초하여 대출 종류·규모 등에 따라 차등화된 원가를 적용하도록 정비* * 대출 종류 등과 무관하게 단일 원가율 적용시 일부 대출의 원가가 과다 계상될 우려 ㅇ (리스크프리미엄*) 조달금리 지표가 과다 산정되지 않도록 실제 조달금리를 잘 반영하는 지표 활용 * 리스크프리미엄 = 조달금리–대출 기준금리(조달금리 과다 산정시 리스크프리미엄 확대) - (현행) 은행채➝ (개선)예금·은행채 혼합, 코픽스 등 ㅇ (자본비용*) 자본비용 산정시 경영계획상 목표 ROE 또는 최근 실제 ROE 등 합리적 근거가 있는 수치를 기준으로 하도록 정비 * 예상치 못한 손실에 대비하여 보유해야 하는 필요자본의 기회비용 ㅇ (내부통제) 연 2회 이상 내부통제기준 준수 여부 등에 대해 점검하고 그 결과를 내부통제 담당 임원에게 보고하도록 규정 신설 3. 의견제출 ㅇ 동 개정(안)에 대하여 의견이 있는 단체 또는 개인은 2022년 8월 22일까지 다음 사항을 기재한 의견서를 은행연합회 담당자에게 제출하여 주시기 바랍니다. 가. 규정 강화 사항에 대한 의견(찬성 또는 반대 의견과 그 사유 및 기타 참고사항) 나. 성명(단체의 경우 단체명과 대표자명), 주소 및 전화번호 다. 보내실 곳 : (이메일) kyk0355@kfb.or.kr",,,여신금융부,https://www.kfb.or.kr/include/download.php?enc_para=xPObvK0batuxwWn9qX/dEblw9bjs/CXVsuTAm9Z8K7eM26*ie*LLWBUgpGCr2aXBxKpSPAqpC4oP,(붙임2) 대출금리 체계의 합리성 제고를 위한 모범규준 전문 1부.hwp
"｢은행 광고심의 기준｣, ｢은행 광고심의 기준 세칙｣ 제정",은행연합회,"▣ 은행연합회 자율규제 신설 공고 「은행 광고심의 기준」,「은행 광고심의 기준 세칙」을 제정함에 있어 그 제정이유와 주요내용을 국민에게 미리 알려 이에 대한 의견을 듣고자 은행권 자율규제 운영규정 제5조에 따라 다음과 같이 공고합니다. 2022년 6월 13일 은행연합회 「은행 광고심의 기준」,「은행 광고심의 기준 세칙」 제정 예고 1. 제정 이유 ㅇ 은행의 광고를 심의함에 있어 필요한 사항을 정함으로써 금융시장의 공정한 거래질서 유지를 도모하고 금융소비자보호 및 은행산업의 건전한 발전에 기여하기 위해 은행권 및 금융당국과 협의를 거쳐 「은행 광고심의 기준」,「은행 광고심의 기준 세칙」제정(안)을 마련함 2. 주요내용 □ ｢은행 광고심의 기준｣ ㅇ 연합회의 은행 광고 심의 대상, 절차 및 제재 등 광고 심의에 관한 제반사항을 조문화(총 5장 20조으로 구성) - 광고심의 절차 - 광고심의위원회의 운영 - 광고 준수사항 - 시정요구 등 제재 □ ｢은행 광고심의 기준 세칙｣ ㅇ 기준의 내용 중 구체적 설명이 필요하여 세칙에 위임한 사항을 규정(총 11조, 별표 및 별지서식으로 구성) 3. 의견제출 □ 동 규정 제정안에 대하여 의견이 있는 단체 또는 개인은 2022년 6월 22일까지 다음 사항을 기재한 의견서를 은행연합회 담당자에게 제출하여 주시기 바랍니다. 가. 규정 신설 사항에 대한 의견(찬성 또는 반대 의견과 그 사유 및 기타 참고사항) 나. 성명(단체의 경우 단체명과 대표자명), 주소 및 전화번호 다. 보내실 곳 ㅇ 이메일 : ysm0404@kfb.or.kr",,,자율규제부,https://www.kfb.or.kr/include/download.php?enc_para=xPKbvK0batuxwWn9qX/dEWLGs/CCA19rQsD6hdttxDzmKgq/x0*HcDeysucQZMbH8vUE*DRegS1E,"붙임 1. 「은행 광고심의 기준」, 「은행 광고심의 기준 세칙」 제정(안) 전문.hwp"
｢개인사업자대출119 운영 모범규준｣ 제정,은행연합회,"▣ 은행연합회 자율규제 신설 공고 ｢개인사업자대출119 운영 모범규준｣을 신설함에 있어 그 신설이유와 주요내용을 국민에게 미리 알려 이에 대한 의견을 듣고자 은행권 자율규제 운영규정 제5조에 따라 다음과 같이 공고합니다. 2021년 11월 17일 은행연합회 ｢개인사업자대출119 운영 모범규준｣ 신설 예고 1. 제정이유 □ 금감원 주관으로 은행권이 자율시행해 온 ‘개인사업자대출119’ 제도의 활성화를 위해, ｢만기연장·상환유예 지원제도 개선방안｣(9.16.)에 따라 은행권 및 금융당국과 협의를 거쳐 ｢개인사업자대출119 운영 모범규준｣ 제정(안)을 마련함 2. 주요내용 □ 연체우려·휴업 개인사업자 차주 등에게 만기연장·금리감면 등을 지원 ㅇ (지원대상) 연체우려·휴업·연체기간 90일 미만 개인사업자 차주 등 ㅇ (지원내용) 만기연장, 금리감면, 연체이자감면, 이자유예, 대환 및 재약정 등 ㅇ (기타사항) 만기일 또는 거치기간 종료일 이전 2개월 전후에 제도 안내 DM 등 발송, 개인사업자119 대상자에 대한 지원으로 발생한 부실에 대해서는 원칙적으로 면책 처리 3. 의견제출 □ 동 제정(안)에 대하여 의견이 있는 단체 또는 개인은 2021년 11월 23일까지 다음 사항을 기재한 의견서를 은행연합회 담당자에게 제출하여 주시기 바랍니다. 가. 규정 신설사항에 대한 의견(찬성 또는 반대 의견과 그 사유 및 기타 참고사항) 나. 성명(단체의 경우 단체명과 대표자명), 주소 및 전화번호 다. 보내실 곳 ◦ 이메일 : ksh0392@kfb.or.kr",,,여신금융부,https://www.kfb.or.kr/include/download.php?enc_para=xP2bvK0batuxwWn9qX/dEV4D3Kx0bfyPp*jxyHtQDeuZokP6CMkLUhdHZGoiLN4lj652GThTXpGD,(붙임1) 개인사업자대출119 운영 모범규준 제정(안) 전문 1부.hwp
｢금융소비자보호 모범규준｣ 제정,은행연합회,"▣ 은행연합회 자율규제 신설 공고 ｢금융소비자보호 모범규준｣을 신설함에 있어 그 신설이유와 주요내용을 국민에게 미리 알려 이에 대한 의견을 듣고자 은행권 자율규제 운영규정 제5조에 따라 다음과 같이 공고합니다. 2021년 6월 25일 은행연합회 ｢금융소비자보호 모범규준｣ 제정 예고 1. 제정이유 은행이 ｢금융소비자 보호에 관한 법률｣에 따라 금융소비자 보호를 위한 금융소비자보호기준 제정 시 참고할 수 있는 ｢금융소비자보호 모범규준｣을 제정하고자 함 2. 주요내용 가. 금융소비자보호 법령에 따른 금융소비자의 기본적 권리를 규정 나. 민원·분쟁처리 관련 매뉴얼을 마련하도록 하고, 민원·분쟁 진행상황 및 처리결과를 효율적·체계적으로 관리하기 위한 전산처리시스템을 구축하도록 규정 다. 금융소비자보호법상 자료열람요구권, 청약철회권, 위법계약해지권 등 소비자 권리보장을 위한 대응체계를 마련할 것을 규정 3. 의견제출 동 규정 제정안에 대하여 의견이 있는 단체 또는 개인은 2021년 7월 4일까지 다음 사항을 기재한 의견서를 은행연합회 담당자에게 제출하여 주시기 바랍니다. 가. 규정 신설사항에 대한 의견(찬성 또는 반대 의견과 그 사유 및 기타 참고사항) 나. 성명(단체의 경우 단체명과 대표자명), 주소 및 전화번호 다. 보내실 곳(이메일) :  kth0316@kfb.or.kr",,,소비자보호부,https://www.kfb.or.kr/include/download.php?enc_para=xPybvK0batuxwWn9qX/dEe905RKQHfqL2FQTcxClEC2V99EJTo*ffPnWE*mEK7j2Ez7UhJCtjOjj,(붙임) 금융소비자보호 모범규준 제정(안) 1부.hwp
｢금융소비자보호에 관한 내부통제 모범규준｣ 제정,은행연합회,"▣ 은행연합회 자율규제 신설 공고 ｢금융소비자보호에 관한 내부통제 모범규준｣을 신설함에 있어 그 신설이유와 주요내용을 국민에게 미리 알려 이에 대한 의견을 듣고자 은행권 자율규제 운영규정 제5조에 따라 다음과 같이 공고합니다. 2021년 6월 25일 은행연합회 ｢금융소비자보호에 관한 내부통제 모범규준｣ 제정 예고 1. 제정이유 은행이 ｢금융소비자 보호에 관한 법률｣에 따라 마련하여야 하는 내부통제기준 제정 시 참고할 수 있는 기준과 절차를 마련하기 위해 ｢금융소비자보호에 관한 내부통제 모범규준｣을 제정하고자 함 2. 주요내용 가. 금융소비자 보호 관련 내부통제제도 운영을 위한 업무의 분장 및 조직구조와 내부통제기준의 운영을 위한 조직·인력에 관한 사항 규정 나. 임직원이 금융소비자를 보호하기 위해 업무를 수행할 때 준수해야하는 기준과 절차, 금융소비자 대상 직무수행 임직원의 교육수준·자격에 관한 사항 규정 다. 내부통제기준 준수 여부에 대한 점검·조치 및 평가절차, 업무수행에 대한 보상체계 및 책임확보 방안 규정 3. 의견제출 동 규정 제정안에 대하여 의견이 있는 단체 또는 개인은 2021년 7월 4일까지 다음 사항을 기재한 의견서를 은행연합회 담당자에게 제출하여 주시기 바랍니다. 가. 규정 신설사항에 대한 의견(찬성 또는 반대 의견과 그 사유 및 기타 참고사항) 나. 성명(단체의 경우 단체명과 대표자명), 주소 및 전화번호 다. 보내실 곳(이메일) :  kth0316@kfb.or.kr",,,소비자보호부,https://www.kfb.or.kr/include/download.php?enc_para=xP*bvK0batuxwWn9qX/dEcbVq*8kCbhKUicSe5V2gDjAxIujgbALOqx6J2lhXgPZkLcmcUp0dAC4,(붙임) 금융소비자보호에 관한 내부통제 모범규준 제정(안) 1부.hwp
｢은행권 채용절차 모범규준｣ 개정,은행연합회,"▣ 은행연합회 자율규제 개정예고 ｢은행권 채용절차 모범규준｣을 개정함에 있어 그 개정이유와 주요내용을 전문가, 금융소비자 등에게 미리 알려 이에 대한 의견을 듣고자 은행권 자율규제 운영규정 제5조에 따라 다음과 같이 공고합니다. 2020년 3월 10일 은행연합회 ｢은행권 채용절차 모범규준｣ 개정예고 1. 개정 이유 ㅇ 공공부문 공정채용 문화의 은행권 확산을 위해 고용노동부의 “공공부문 공정채용 확립 및 민간 확산 방안”(’19.11.8.) 등을 반영한「은행권 채용절차 모범규준」개정(안)을 마련* * 범금융권TF(고용노동부, 금융위, 금감원 및 6개협회 참여, ’19.11.29., 12.27., ’20.1.22., 2.6) 및 은행권 실무책임자 회의(’19.12.6., ’20.1.16.)를 통해 마련 2. 주요 개정내용 ㅇ 구조화된 면접* 도입 * 평가요소, 채점기준 등을 사전에 정하여 주관적요소의 개입을 최소화한 것으로 경험면접, 상황면접, 토론면접, 발표면접 등을 의미 - 필기평가 또는 면접전형 중 한가지 이상을 실시하되, - 면접전형은 구조화된 면접 등의 방식으로 실시 가능 ㅇ 직무의 수행에 필요하지 않은 개인정보 미수집 - 직무의 수행에 필요하지 않은 출신지역, 가족관계, 용모·키·체중 등 신체적 조건은 수집·요구하지 않음 ㅇ 불합리한 채용 차별 금지 - 지원자의 성별, 연령, 출신학교, 출신지, 신체조건 등을 이유로 불합리한 차별 금지 - 불합리한 채용 차별 방지를 위해 사전 교육 등을 실시하고 불합리한 차별에 대한 신고처 등을 마련 ㅇ 불공정 행위 면접위원 배제 - 개인정보 관련 질문 등 불공정 행위 면접위원은 채용 절차에서 배제 가능 3. 의견제출 □ 동 규정 개정안에 대하여 의견이 있는 단체 또는 개인은 2020년 3월 23일까지 다음 사항을 기재한 의견서를 은행연합회 담당자에게 제출하여 주시기 바랍니다. 가. 규정 강화 사항에 대한 의견(찬성 또는 반대 의견과 그 사유 및 기타 참고사항) 나. 성명(단체의 경우 단체명과 대표자명), 주소 및 전화번호 다. 보내실 곳 ◦ 이메일 : yjeum@kfb.or.kr 붙임  1. ｢은행권 채용절차 모범규준｣ 개정(안) 전문 1부 2. ｢은행권 채용절차 모범규준｣ 개정(안) 신구조문대비표 1부.  끝.",,,기획조사부,https://www.kfb.or.kr/include/download.php?enc_para=xP6bvK0batuxwWn9qX/dEfuc8Y6nhJb1EG6aBccwfWSyY9iMNMflUGHoGf3Z/OI4a60fd4DhP8wK,홈페이지 게시.zip
｢비대면 은행영업 지침｣ 개정,은행연합회,"▣ 은행연합회 자율규제 강화 공고 ｢비대면 은행영업 지침｣을 개정함에 있어 그 개정이유와 주요내용을 국민에게 미리 알려 이에 대한 의견을 듣고자 은행권 자율규제 운영규정 제5조에 따라 다음과 같이 공고합니다. 2020년 1월 20일 은행연합회 ｢비대면 은행영업 지침｣ 개정 예고 1. 개정 이유 ㅇ 금융산업의 신뢰 제고 등을 위해 금융당국에서 마련한 ‘금융소비자 보호 종합방안’(’19.4.18.) 중 ‘비대면 금융거래 맞춤형 소비자 보호 강화’를 위해 은행권 및 금융당국과 협의를 거쳐 ‘TM 판매 가이드라인’을 포함한 ｢비대면 은행영업 지침｣ 개정(안)을 마련함 2. 주요내용 ㅇ TM 상품설명 가이드라인 신설(지침 제5장 3.3.) - 개인정보의 보호에 관한 사항 - 통화자의 소속 및 통화목적 등 안내에 관한 사항 - 음성녹음 사실 및 주의사항 안내에 관한 사항 - 상품요약자료 제공방식 확인에 관한 사항 - 상품설명 시 음성의 강도와 속도 등에 관한 사항 - TM 상품설명 시 금지행위에 관한 사항 - 소비자 권리사항 등 안내에 관한 사항 ㅇ 전화통화 및 문자 전송제한의 예외사유 추가(지침 제3장 및 제5장 2.2.) - 고객의 개별 요청 또는 기존계약의 유지․관리를 위해 필요한 경우 3. 의견제출 □ 동 규정 개정안에 대하여 의견이 있는 단체 또는 개인은 2020년 2월 8일까지 다음 사항을 기재한 의견서를 은행연합회 담당자에게 제출하여 주시기 바랍니다. 가. 규정 강화 사항에 대한 의견(찬성 또는 반대 의견과 그 사유 및 기타 참고사항) 나. 성명(단체의 경우 단체명과 대표자명), 주소 및 전화번호 다. 보내실 곳 ㅇ 이메일 : yoonjin@kfb.or.kr 붙임 1. ｢비대면 은행영업 지침｣ 개정(안) 신구조문대비표 1부. 2. ｢비대면 은행영업 지침｣ 개정(안) 전문 1부. 끝.",,,수신제도부,https://www.kfb.or.kr/include/download.php?enc_para=xPmbvK0batuxwWn9qX/dEYArxxnEbmmW*BMveA3mjvpW6PjT69BrMlxglPVT4tX/xyQ5qghifznZ,「비대면 은행영업 지침」 개정(안).zip
｢새희망홀씨 운용규약｣ 개정,은행연합회,"▣ 은행연합회 자율규제 신설·강화 공고 ｢새희망홀씨 운용규약｣을 개정함에 있어 그 개정이유와 주요내용을 국민에게 미리 알려 이에 대한 의견을 듣고자 은행권 자율규제 운영규정 제5조에 따라 다음과 같이 공고합니다. 2019년 7월 15일 은행연합회 ｢새희망홀씨 운용규약｣ 개정 예고 1. 개정 이유 ㅇ 산업·고용위기지역 내 새희망홀씨 성실상환자에 대한 긴급 생계자금 대출 지원 특례 시행기간과 ’20.10월말 종료 예정인 새희망홀씨 운용기간을 연장하기 위해 은행권 및 금융당국과 협의를 거쳐 ｢새희망홀씨 운용규약｣ 개정(안)을 마련함 2. 주요내용 ㅇ 산업·고용위기지역 지정기간이 연장됨에 따라 동 지역 내 새희망홀씨 성실상환자에 대한 긴급 생계자금 대출 지원 특례 시행기간 연장(위기지역지정해제일까지) ㅇ 서민의 금융 애로 해소에 지속적으로 기여할 수 있도록 은행권 대표 서민금융상품인 새희망홀씨 운용기간을 5년 연장(’20.10월말까지 → ’25.10월말까지) 3. 의견제출 □ 동 규정 개정안에 대하여 의견이 있는 단체 또는 개인은 2019년 8월 4일까지 다음 사항을 기재한 의견서를 은행연합회 담당자에게 제출하여 주시기 바랍니다. 가. 규정 강화 사항에 대한 의견(찬성 또는 반대 의견과 그 사유 및 기타 참고사항) 나. 성명(단체의 경우 단체명과 대표자명), 주소 및 전화번호 다. 보내실 곳 ◦ 이메일 : jjw0303@kfb.or.kr 붙임 1. ｢새희망홀씨 운용규약｣ 개정(안) 신구조문대비표 1부. 2. ｢새희망홀씨 운용규약｣ 개정(안) 전문 1부. 끝.",,,여신제도부,https://www.kfb.or.kr/include/download.php?enc_para=xPibvK0batuxwWn9qX/dEWn*xv3gAW8gB2WXATawpjBEXNdGg6GGJ7rXJkIJDoSmQ640*0JOmf1W,「새희망홀씨 운용규약」개정(안) 신구조문대비표 및 전문 각 1부.zip
｢사회적금융 활성화를 위한 모범규준｣ 제정,은행연합회,"▣ 은행연합회 자율규제 신설 공고 ｢사회적금융 활성화를 위한 모범규준｣을 신설함에 있어 그 신설이유와 주요내용을 국민에게 미리 알려 이에 대한 의견을 듣고자 은행권 자율규제 운영규정 제5조에 따라 다음과 같이 공고합니다. 2018년 11월 13일 은행연합회 ｢사회적금융 활성화를 위한 모범규준｣ 신설 예고 1. 제정이유 □ 금융당국의 사회적금융취급 공동기준안 마련계획 발표(’18.9.19.)에 따라 은행권 및 금융당국과 협의를 거쳐 ｢사회적금융 활성화를 위한 모범규준｣ 제정(안)을 마련함 2. 주요내용 □ 사회적금융 취급 시 사회적가치 정보 활용 및 사회적경제기업에 대한 금융지원 등 ㅇ (사회적가치 정보 활용) 상대적으로 영세한 사회적경제기업에 대한 금융지원이 원활하게 이뤄질 수 있도록 대출취급 시 재무제표·신용등급·담보 이외에 취약계층 고용비중, 사회공헌 노력도, 지역사회 기여도와 같은 사회적가치 정보를 활용 ㅇ (금융지원) 사회적경제기업에 대한 은행의 지분투자, 운전자금·시설자금 용도의 대출(우대금리 포함) 및 컨설팅(회계·세무·경영자문)지원, 수수료감면 등 3. 의견제출 □ 동 규정 제정안에 대하여 의견이 있는 단체 또는 개인은 2018년 12월 3일까지 다음 사항을 기재한 의견서를 은행연합회 담당자에게 제출하여 주시기 바랍니다. 가. 규정 신설사항에 대한 의견(찬성 또는 반대 의견과 그 사유 및 기타 참고사항) 나. 성명(단체의 경우 단체명과 대표자명), 주소 및 전화번호 다. 보내실 곳 ◦ 이메일 : k-e0298@kfb.or.kr 붙임 ｢사회적금융 활성화를 위한 모범규준｣ 제정(안) 전문 1부. 끝.",,,여신제도부,https://www.kfb.or.kr/include/download.php?enc_para=xPubvK0batuxwWn9qX/dEf/sBk5MfdzfJkimjQi2UQ8FA7ZCWE9dIAHosl3p1cwHu9G5j5FKDkFi,「사회적금융 활성화를 위한 모범규준」 제정(안) 전문 1부.hwp
｢새희망홀씨 운용규약｣ 개정,은행연합회,"▣ 은행연합회 자율규제 신설·강화 공고 ｢새희망홀씨 운용규약｣을 개정함에 있어 그 개정이유와 주요내용을 국민에게 미리 알려 이에 대한 의견을 듣고자 은행권 자율규제 운영규정 제5조에 따라 다음과 같이 공고합니다. 2018년 8월 14일 은행연합회 ｢새희망홀씨 운용규약｣ 개정 예고 1. 개정 이유 ㅇ 금융당국이 발표(’18.7.18.)한 새희망홀씨 긴급 생계자금 대출 지원 확대방안을 반영하기 위해 은행권 및 금융당국과 협의를 거쳐 ｢새희망홀씨 운용규약｣ 개정(안)을 마련함 2. 주요내용 ㅇ 위기지역 내 새희망홀씨 성실상환자를 대상으로 긴급 생계자금 대출 취급 시 대상·한도 확대 및 금리 우대 실시 ― (대상) (기존) 1년 이상 새희망홀씨 성실상환자 → (위기지역) 6개월 이상 새희망홀씨 성실상환자 ― (대출한도) (기존) 5백만원 이내 → (위기지역) 1천만원 이내 ― (금리우대) (기존) 최대 1%p 이내 → (위기지역) 최대 2%p 이내 ― (지원기한) ‘위기지역 지정 해제일’과 ‘시행일로부터 1년이 되는 날’ 가운데 빠른 날 3. 의견제출 □ 동 규정 개정안에 대하여 의견이 있는 단체 또는 개인은 2018년 9월 3일까지 다음 사항을 기재한 의견서를 은행연합회 담당자에게 제출하여 주시기 바랍니다. 가. 규정 강화 사항에 대한 의견(찬성 또는 반대 의견과 그 사유 및 기타 참고사항) 나. 성명(단체의 경우 단체명과 대표자명), 주소 및 전화번호 다. 보내실 곳 ◦ 이메일 : jjw0303@kfb.or.kr 붙임 1. ｢새희망홀씨 운용규약｣ 개정(안) 신구조문대비표 1부. 2. ｢새희망홀씨 운용규약｣ 개정(안) 전문 1부. 끝.",,,여신제도부,https://www.kfb.or.kr/include/download.php?enc_para=xPqbvK0batuxwWn9qX/dEaah9QenXtKugJcxatYCQTjyyGnc6Y92*irKlm5oqHpx1ieODyV/2j6w,「새희망홀씨 운용규약」개정(안) 신구조문대비표 및 전문 각 1부.zip
｢자금용도외 유용 사후점검기준｣ 전면개정,은행연합회,"▣ 은행연합회 자율규제 신설·강화 공고 ｢자금용도외 유용 사후점검기준｣을 개정함에 있어 그 개정이유와 주요내용을 국민에게 미리 알려 이에 대한 의견을 듣고자 은행권 자율규제 운영규정 제5조에 따라 다음과 같이 공고합니다. 2018년 6월 15일 은행연합회 ｢자금용도외 유용 사후점검기준｣ 전면개정 예고 1. 개정 이유 □ 가계대출 규제 강화로 개인사업자대출이 가계자금으로 유용될 가능성이 높아질 우려가 있어 개인사업자대출 용도외 유용 사후점검의 실효성 확보를 위해 은행권 의견을 수렴하여 ｢자금용도외 유용 사후점검기준｣ 개정(안)을 마련 2. 주요내용 □ 기존 개조식 기준을 조문화(총 제4장 제9조로 구성) □ 정상적인 개인사업자대출은 원활히 지원하되 가계대출 규제 회피 수단으로 이용되지 않도록 용도외 유용 사후점검기준을 정비 ◦ (부동산임대업자 점검 강화) 부동산임대업자 중 개인사업자에 대해 시설자금 대출시에도 유용 여부를 점검하고, 대출금 사용내역표 징구시 임대 여부를 추가로 확인 ◦ (금액기준 강화) 차주가 개인사업자인 경우, 기존 건당 2억원이하 또는 동일인당 5억원 이하 대출 취급시 사후점검을 면제하는 기준을 건당 1억원 이하 및 동일인당 5억원 이하로 강화 ◦ (금액 외 생략대상 정비) 사후점검 필요성이 높은 사업장 임차‧수리자금을 점검대상으로 변경하고, 최초 취급 후 1년 이내의 타 금융기관 대환시에도 최초 자금용도를 확인토록 함 ◦ (점검 생략대상 관리) 사후점검 생략 대상을 전산에 의해 관리하고, 대출 담당자가 대출 취급시 생략대상의 적정성을 면밀히 검토 ◦ (서류점검 강화) 대출취급일로부터 3개월 이내 “대출금 사용내역표” 징구시 계약서, 영수증, 계산서 등 증빙자료 첨부 의무화 ◦ (현장방문 점검 합리화) 현장점검 기간을 기존 대출취급일로부터 6개월에서 3개월로 축소하고 점검을 강화*하되, 점검대상은 축소** * 현장방문 중 증빙자료 첨부, 점검내용 작성 등 ** ❶건당 외감법인 20억원, 비외감법인 10억원, 개인사업자 5억원을 초과하는 대출, ❷해당 운전자금 대출시 주택을 소유권 이전과 동시에 담보로 취득하는 경우, ❸사업자등록증 발급일자로부터 3개월 이내에 취급하는 대출(단, 합병‧분할‧개인사업자의 법인 전환, 포괄적 영업양수도 등 실질적인 개업이 아닌 경우 제외) ◦ (사후점검 모니터링) 사후점검 생략 대상, 점검 결과, 적발시 제재조치의 적정성 등을 모니터링할 수 있는 시스템을 갖추고 사후점검 실시조직이 아닌 별도의 조직에서 정기적으로 모니터링 ◦ (용도외 유용시 불이익 처분 개선) 점검대상이 아닌 차주에게도 용도외 유용시 불이익 처분 설명의무를 강화 3. 의견제출 □ 동 규정 개정안에 대하여 의견이 있는 단체 또는 개인은 2018년 7월 5일까지 다음 사항을 기재한 의견서를 은행연합회 담당자에게 제출하여 주시기 바랍니다. 가. 규정 개정 사항에 대한 의견(찬성 또는 반대 의견과 그 사유 및 기타 참고사항) 나. 성명(단체의 경우 단체명과 대표자명), 주소 및 전화번호 다. 보내실 곳 ◦ 이메일 : kws0337@kfb.or.kr 붙임 : ｢자금용도외 유용 사후점검기준｣ 전면개정(안) 전문 1부.",,,여신제도부,https://www.kfb.or.kr/include/download.php?enc_para=zLa1q68Jc9ak3G/8uGnaGfQkp6akBndxHEdaXxE1DBmCp67NNl6YMiC2n/is6VbkmFt/92yfCuA=,(붙임1) 자금용도외 유용 사후점검기준 전면개정(안) 전문 1부.hwp
｢새희망홀씨 운용규약｣ 개정,은행연합회,"▣ 은행연합회 자율규제 신설·강화 공고 ｢새희망홀씨 운용규약｣을 개정함에 있어 그 개정이유와 주요내용을 국민에게 미리 알려 이에 대한 의견을 듣고자 은행권 자율규제 운영규정 제5조에 따라 다음과 같이 공고합니다. 2018년 6월 12일 은행연합회 ｢새희망홀씨 운용규약｣ 개정 예고 1. 개정 이유 ㅇ 금융감독원이 새희망홀씨 취급 은행 등과 공동으로 발표(’18.3.23.)한 새희망홀씨 제도 개선 계획을 반영하기 위해 은행권 및 금융감독원과 협의를 거쳐 ｢새희망홀씨 운용규약｣ 개정(안)을 마련함 2. 주요내용 ㅇ 우대금리 적용 대상 확대 ― 우대금리 적용(최대 1%p 이내) 대상 취약 계층 범위에 청년층(29세 이하), 고령자(65세 이상), 장애인을 추가 ― 공신력 있는 금융교육기관(신용회복위원회, 한국금융연수원, 서민금융진흥원 등)에서 금융교육을 이수한 경우 우대 금리를 적용(취약계층에 적용되는 우대 금리와 합산하여 최대 1%p 이내) 3. 의견제출 □ 동 규정 개정안에 대하여 의견이 있는 단체 또는 개인은 2018년 7월 2일까지 다음 사항을 기재한 의견서를 은행연합회 담당자에게 제출하여 주시기 바랍니다. 가. 규정 강화 사항에 대한 의견(찬성 또는 반대 의견과 그 사유 및 기타 참고사항) 나. 성명(단체의 경우 단체명과 대표자명), 주소 및 전화번호 다. 보내실 곳 ◦ 이메일 : jjw0303@kfb.or.kr 붙임 1. ｢새희망홀씨 운용규약｣ 개정(안) 신구조문대비표 1부. 2. ｢새희망홀씨 운용규약｣ 개정(안) 전문 1부. 끝.",,,여신제도부,https://www.kfb.or.kr/include/download.php?enc_para=zba1q68Jc9ak3G/8uGnaGVV6PU7Lr74QDjKaI32g0VEYvcw1/xNG2es*A6yb/Tg1nYlOHWha5M8=,「새희망홀씨 운용규약」개정(안) 신구조문대비표 및 전문 각 1부.zip
은행권 채용절차 모범규준 관련 자율규제 제정예고 실시,은행연합회,"▣ 은행연합회 자율규제 제정예고 ｢은행권 채용절차 모범규준｣을 제정함에 있어 그 제정이유와 주요내용을 전문가, 금융소비자 등에게 미리 알려 이에 대한 의견을 듣고자 은행권 자율규제 운영규정 제5조에 따라 다음과 같이 공고합니다. 2018년 6월 5일 은행연합회 ｢은행권 채용절차 모범규준｣ 제정예고 1. 제정 이유 ㅇ 은행권 채용절차의 공정성과 투명성을 제고하고 은행산업에 대한 신뢰도를 높이기 위하여 은행권 공동 TF*를 통해 ⌜은행권 채용절차 모범규준⌟(안)을 마련 * (구성) 산업, 농협, 신한, 우리, SC제일, KEB하나, 기업, 국민, 씨티, 부산은행 2. 주요내용 ㅇ (적용범위) 19개 연합회 사원은행 (신보·기보·주금공 및 외은지점 제외) ㅇ (적용대상) 정규 신입직원 공개 채용 ㅇ (채용방법) 임직원 추천제 폐지, 지원자의 역량과 무관한 요소*로 인한 차별 금지, 채용 절차 참여자 비밀·공정성 유지 * 성별, 연령, 출신학교, 출신지, 신체조건 등 ㅇ (블라인드 채용) 선발기준과 관련 없는 개인정보는 선발전형시 점수화하지 않으며, 면접전형시 면접관에게 비공개 ㅇ (필기전형) 직무 수행에 필요한 지원자의 역량을 검증하기 위해 필기시험 도입 가능 ㅇ (독립부서 점검) 채용과정에 감사부서 또는 내부통제부서가 참여하여 채용관리 원칙과 절차 준수 여부 등을 점검 ㅇ (외부전문가 참여) 선발과정에 외부 전문가(전문기관)를 참여시키거나 채용자문위원회 등을 운영 ㅇ (채용서류 보존) 법령*이 정하는 기준에 따라 관련 서류 보존 * 「남녀고용평등법」, 「채용절차의 공정화에 관한 법률」, 「개인정보 보호법」 - 필요한 경우, 동의서 징구를 통해 보존기간 연장 가능 ㅇ (부정합격자 처리) 부정입사자의 채용 취소 및 일정기간 응시자격 제한 - 관련 임직원도 내부 규정에 따라 징계 ㅇ (피해자 구제) 부정한 채용청탁 등 채용절차에서 발생한 부정행위로 인해 직접적 피해를 받은 지원자를 구제 - 일정기간동안 전형 단계별 예비합격자를 관리 - 피해자에게 피해 발생단계 다음 전형에 응시기회 부여 3. 의견제출 □ 동 규정 제정안에 대하여 의견이 있는 단체 또는 개인은 2018년 6월 11일까지 다음 사항을 기재한 의견서를 은행연합회 담당자에게 제출하여 주시기 바랍니다. 가. 규정 강화 사항에 대한 의견(찬성 또는 반대 의견과 그 사유 및 기타 참고사항) 나. 성명(단체의 경우 단체명과 대표자명), 주소 및 전화번호 다. 보내실 곳 ◦ 이메일 : sangtack.sung@kfb.or.kr 붙임 : ｢은행권 채용절차 모범규준｣ 제정(안) 전문 1부. 끝.",,,기획조사부,https://www.kfb.or.kr/include/download.php?enc_para=wra1q68Jc9ak3G/8uGnaGdiG0ZgbVA1auFJTJsORupJEpW*rJ2mEoy1U0esOwQNZ1JebZamz3SM=,은행권 채용절차 모범규준 전문 1부.pdf
‘BankSign 은행공동인증업무준칙’ 제정 관련 의견 청취,은행연합회,"▣ 은행연합회 자율규제 신설·강화 공고 ㅇ ‘BankSign 은행공동인증업무준칙’을 제정함에 있어 그 제정이유와 주요내용을 국민에게 미리 알려 이에 대한 의견을 듣고자 ‘은행권 자율규제 운영규정’ 제5조에 따라 다음과 같이 공고합니다. 2018년 5월 17일 은행연합회 ‘BankSign 은행공동인증업무준칙’ 제정 예고 1. 제정 이유 □ 은행권은 4차 산업혁명의 핵심기술 중 하나인 블록체인 기술의 금융시스템 적용을 통해 블록체인 활성화에 기여하고, 인터넷 등 개방형 정보통신망 환경 하에서 처리되는 전자금융거래의 안전성과 편의성을 제고하기 위해 ‘은행권 블록체인 공동인증 시스템’을 구축하고, 이를 통해 블록체인 기반의 ‘BankSign 은행공동인증서비스’를 제공할 예정임 ㅇ 이에, 연합회는 은행권이 ‘BankSign 은행공동인증서비스’를 통해 제공하는 인증서의 발급, 이용 등에 관한 전반적인 사항과 인증업무 관련자의 의무와 책임 등을 규정한 ‘BankSign 은행공동인증업무준칙’ 제정(안)을 마련함 2. 주요 내용 ① 준칙의 목적, 용어의 정의, 관련자의 의무사항 등에 관한 사항 ② 인증서의 종류 및 수수료 등에 관한 사항 ③ 인증서 발급대상, 발급 및 폐기 등 인증업무에 관한 사항 ④ 인증업무 공고설비 및 공고방법 등에 관한 사항 ⑤ 인증업무 시설 및 장비 보호조치 등에 관한 사항 ⑥ 배상책임, 분쟁해결, 개인정보보호, 보안성심의 및 점검 등에 관한 사항 3. 의견 제출 □ 동 준칙 제정안에 대하여 의견이 있는 단체 또는 개인은 2018년 6월 5일까지 다음 사항을 기재한 의견서를 연합회 담당자에게 제출하여 주시기 바랍니다. 가. 준칙 제정 내용에 대한 의견(찬성 또는 반대 의견과 그 사유, 기타 참고사항) 나. 성명(단체의 경우 단체명과 대표자명), 주소 및 전화번호 ㅇ 보내실 곳 : freestyle@kfb.or.kr",,,수신제도부,https://www.kfb.or.kr/include/download.php?enc_para=w7a1q68Jc9ak3G/8uGnaGWlpfH**XIBW7irU3rwqECQcjwVZowfAVUVIeQ9nKKngANgKCx*xIMI=,BankSign 은행공동인증업무준칙 제정(안).zip
「영업행위 윤리준칙」 제정 관련 의견청취,은행연합회,"▣ 은행연합회 자율규제 신설·강화 공고 ｢은행 영업행위 윤리준칙｣을 제정함에 있어 그 제정이유와 주요내용을 국민에게 미리 알려 이에 대한 의견을 듣고자 은행권 자율규제 운영규정 제5조에 따라 다음과 같이 공고합니다. 2018년 4월 30일 은행연합회 ｢은행 영업행위 윤리준칙｣ 제정 예고 1. 제정 이유 ㅇ 금융감독원은 ‘2018년도 업무계획’을 발표(’18.2.12)하며, 금융회사의 全 영업 프로세스가 소비자 중심으로 이뤄질 수 있도록 금융권역별 ｢영업행위 윤리준칙｣ 제정 유도를 추진키로 함 ― 이에 연합회는 은행 영업관행이 금융소비자 권익 제고에 부응하는 방향으로 변화할 수 있도록 ｢은행 영업행위 윤리준칙｣ 제정(안)을 마련 2. 주요내용 ① 영업행위 기본원칙 ― 신의성실의 원칙, 적합성 원칙, 상품 설명, 구속행위 금지, 약관․상품설명서 제공 등 영업행위의 기본원칙 규정 ② 상품 공시 및 광고 원칙 ― (공시) 간단․명료, 객관적 사실에 근거, 공시목적에 부합하지 않는 홍보성격 내용 최대한 배제 등 ― (광고) 은행 명칭, 은행상품 내용, 거래조건 등을 명확히 표시하고, 은행상품 광고 제작 시 지켜야 할 세부기준․절차 마련 등 ③ 민원(분쟁) 해결 원칙 ― 민원접수 채널(방문, 전화, 서신, FAX, E-mail, 인터넷 등) 다양화, 민원 처리 절차 및 시스템 마련, 민원 접수 및 처리결과 통지, 이해하기 쉬운 용어 사용 등 민원 처리 원칙 규정 3. 의견제출 □ 동 준칙 제정안에 대하여 의견이 있는 단체 또는 개인은 2018년 5월 10일까지 다음 사항을 기재한 의견서를 은행연합회 담당자에게 제출하여 주시기 바랍니다. 가. 자율규제 신설에 대한 의견(찬성 또는 반대 의견과 그 사유 및 기타 참고사항) 나. 성명(단체의 경우 단체명과 대표자명), 주소 및 전화번호 다. 보내실 곳 ◦ 이메일 : jhbae@kfb.or.kr 붙임   ｢은행 영업행위 윤리준칙｣ 제정(안) 전문 1부.  끝.",,,소비자보호부,https://www.kfb.or.kr/include/download.php?enc_para=wLa1q68Jc9ak3G/8uGnaGVmtPe6z2XgBENdfsPnnugRarZg5s6eoUWUDT4IHKkjiiwrQLKMfOsQ=,붙임1. 은행 영업행위윤리준칙 제정(안) 전문.hwp
｢개인사업자대출 여신심사 가이드라인｣ 신설 예고,은행연합회,"▣ 은행연합회 자율규제 신설·강화 공고 ｢개인사업자대출 여신심사 가이드라인｣을 신설함에 있어 그 신설이유와 주요내용을 국민에게 미리 알려 이에 대한 의견을 듣고자 은행권 자율규제 운영규정 제5조에 따라 다음과 같이 공고합니다. 2018년 1월 17일 은행연합회 ｢개인사업자대출 여신심사 가이드라인｣ 신설 예고 1. 신설 이유 □ ｢가계부채 종합대책｣에 따라 은행의 개인사업자대출 리스크 관리를 정교화하기 위해 은행권 협의를 거쳐 동 가이드라인 제정(안)을 마련함 2. 주요내용 □ 부동산임대업 신규 취급시 임대업 이자상환비율(RTI)을 산출하여 해당 대출의 적정성 여부를 심사하며, 시설자금의 경우 유효담보가액 초과분을 매년 1/10씩 분할상환하도록 함 □ 은행이 자율적으로 개인사업자대출에 대한 관리업종을 선정하고 업종별 한도 등 리스크 관리를 강화하며, 1억원 초과 신규 대출 취급시 차주의 소득대비대출비율(LTI)을 산출하여 여신심사시 참고지표로 활용 □ 과밀 상권 및 업종에 대한 쏠림 현상을 막기 위해 상권 및 업황 분석 결과를 여신심사에 활용 3. 의견제출 □ 동 규정 신설안에 대하여 의견이 있는 단체 또는 개인은 2018년 2월 6일까지 다음 사항을 기재한 의견서를 은행연합회 담당자에게 제출하여 주시기 바랍니다. 가. 규정 신설 사항에 대한 의견(찬성 또는 반대 의견과 그 사유 및 기타 참고사항) 나. 성명(단체의 경우 단체명과 대표자명), 주소 및 전화번호 다. 보내실 곳 ◦ 이메일 : kws0337@kfb.or.kr 붙임 : ｢개인사업자대출 여신심사 가이드라인｣ 제정(안) 전문 1부. 끝.",,,여신제도부,https://www.kfb.or.kr/include/download.php?enc_para=wba1q68Jc9ak3G/8uGnaGaiEKbXxW8HUGlfrbBkvnlCdxr92E*gT9*IrfEqu4tmAxzyUFlm9*DM=,(붙임1) 개인사업자대출 여신심사 가이드라인 제정(안) 전문 1부.hwp
｢여신심사 선진화를 위한 가이드라인｣ 개정,은행연합회,"▣ 은행연합회 자율규제 신설·강화 공고 ｢여신심사 선진화를 위한 가이드라인｣을 개정함에 있어 그 개정이유와 주요내용을 국민에게 미리 알려 이에 대한 의견을 듣고자 은행권 자율규제 운영규정 제5조에 따라 다음과 같이 공고합니다. 2018년 1월 15일 은행연합회 ｢여신심사 선진화를 위한 가이드라인｣ 개정 예고 1. 개정 이유 ㅇ 정부는 관계기관 합동으로 ‘가계부채 종합대책’(’17.10.24.)을 발표하고, 금융당국은 종합대책의 세부 방안으로 ‘금융회사 여신심사 선진화 방안’(’17.11.24.)을 발표하여 모든 가계대출(주담대, 신용대출 등)의 여신심사 과정에서 차주의 상환능력을 정확히 반영하여 대출하는 자율적 여신심사 체계 구축을 추진하기로 함 ― 이에 연합회는 여신심사 선진화를 위한 은행권의 자율적인 여신심사 체계 구축(DSR 도입)을 위해 ｢여신심사 선진화를 위한 가이드라인｣ 개정(안)을 마련함 2. 주요내용 ① 종합대책에 따른 DSR 도입을 위해 DSR 산정방식(DSR산식, 소득산정방식, 부채산정방식 등) 및 기본적인 활용 원칙 관련 내용 신설 ② 종합대책에 따른 DSR 도입으로 동 가이드라인의 적용범위가 주택담보대출에서 가계대출 전체로 확대되어 가이드라인의 명칭 등을 변경 ③ 표준 DSR은 더 이상 산출하지 않도록 하고(⇒ 관련 내용 삭제), 기존 ‘실질 DSR’의 경우 혼란을 예방하기 위해 ‘약정 DSR’로 명칭 변경 3. 의견제출 □ 동 규정 개정안에 대하여 의견이 있는 단체 또는 개인은 2018년 2월 4일까지 다음 사항을 기재한 의견서를 은행연합회 담당자에게 제출하여 주시기 바랍니다. 가. 규정 강화 사항에 대한 의견(찬성 또는 반대 의견과 그 사유 및 기타 참고사항) 나. 성명(단체의 경우 단체명과 대표자명), 주소 및 전화번호 다. 보내실 곳 ◦ 이메일 : swt0363@kfb.or.kr 붙임 1. ｢여신심사 선진화를 위한 가이드라인｣ 개정(안) 신구조문대비표 1부. 2. ｢여신심사 선진화를 위한 가이드라인｣ 개정(안) 전문 1부. 끝.",,,여신제도부,https://www.kfb.or.kr/include/download.php?enc_para=xra1q68Jc9ak3G/8uGnaGcOq9dgWjoebYCGcEUQyx331eHcMre4UqrBtxL7LWIQlGr8htbOHm30=,「여신심사 선진화를 위한 가이드라인」 개정(안) 신구조문대비표 및 전문 각 1부.zip
「대출채권의 소멸시효 관리 등에 대한 모범규준」 신설 예고,은행연합회,"▣ 은행연합회 자율규제 신설·강화 공고 「대출채권의 소멸시효 관리 등에 대한 모범규준」을 신설함에 있어 그 신설이유와 주요내용을 국민에게 미리 알려 이에 대한 의견을 듣고자 은행권 자율규제 운영규정 제5조에 따라 다음과 같이 공고합니다. 2017년 12월 5일 은행연합회 「대출채권의 소멸시효 관리 등에 대한 모범규준」 신설 예고 1. 신설 이유 □ 은행별로 달리 운영하고 있는 소멸시효 연장 제외기준 등 소멸시효 관리 방법을 일원화하기 위해 은행권 협의를 거쳐 동 모범규준 제정(안)을 마련함 2. 주요내용 □ 소멸시효가 완성될 것으로 예상되는 특수채권에 대해 재산 조사 및 회수 가능성 등을 통해 상환 능력을 판단하여 소멸시효 중단조치 여부를 합리적으로 결정하여야 함 □ 은행별로 운영중인 사회적 배려가 필요하다고 판단되는 경우 및 회수 가능성이 없다고 판단되는 소액 채권 등 소멸시효 중단조치를 취하지 않을 수 있는 기준을 일원화 □ 소멸시효가 완성된 채권에 대하여 채권 회수를 포기하고 채무를 면제하여야 하며, 이 경우 해당 차주에게 이메일, 우편, 이동전화(SMS 등) 등을 통해 통지하거나 홈페이지 조회 시스템을 통해 조회 가능토록 함으로써 통지를 갈음할 수 있음 3. 의견제출 □ 동 규정 신설안에 대하여 의견이 있는 단체 또는 개인은 2017년 12월 24일까지 다음 사항을 기재한 의견서를 은행연합회 담당자에게 제출하여 주시기 바랍니다. 가. 규정 신설 사항에 대한 의견(찬성 또는 반대 의견과 그 사유 및 기타 참고사항) 나. 성명(단체의 경우 단체명과 대표자명), 주소 및 전화번호 다. 보내실 곳 o 이메일 : sty0356@kfb.or.kr",,,여신제도부,https://www.kfb.or.kr/include/download.php?enc_para=x7a1q68Jc9ak3G/8uGnaGSu43BNlaYYR7YdHGOwSPV2h9P6OxtVXDVSnssLcg6If0qWD3yaXSoE=,대출채권의 소멸시효 관리 등에 대한 모범규준 제정(안) 전문 1부_홈페이지게시.hwp
「부동산 프로젝트 파이낸싱 리스크관리 모범규준」강화 예고,은행연합회,"▣ 은행연합회 자율규제 신설·강화 공고 「부동산 프로젝트 파이낸싱 리스크관리 모범규준」을 강화함에 있어 그 강화이유와 주요내용을 국민에게 미리 알려 이에 대한 의견을 듣고자 은행권 자율규제 운영규정 제5조에 따라 다음과 같이 공고합니다. 2017년 4월 7일 은행연합회 「부동산 프로젝트 파이낸싱 리스크관리 모범규준」 강화 예고 1. 강화 이유 □ 금융감독원은 가계부채 대책(’16.8.25.)의 일환으로 은행권의 부동산 PF 리스크관리 실태를 점검하였으며, 그 결과를 「부동산 프로젝트 파이낸싱 리스크관리 모범규준」에 반영해 줄 것을 요청함에 따라 은행권 협의를 거쳐 동 모범규준 개정(안)을 마련함 2. 주요내용 □ 부동산 PF 취급시 차주의 자기자본 투입비율을 고려 □ 일정규모 이상 부동산 PF의 경우 외부 전문기관 등의 사업성 분석절차 마련 □ ‘악화우려’ 등급 사업장의 예시에서 자의적 기준 삭제 □ ‘보통’ 등급으로 평가된 사업장의 건전성 분류를 강화하여 ‘요주의’로 분류 □ 한국주택금융공사, 주택도시보증공사 등 보증분을 부동산 PF 한도, 시공사 간접 익스포져 한도에 반영하여 관리 3. 의견제출 □ 동 규정 강화안에 대하여 의견이 있는 단체 또는 개인은 2017년  4월 27일까지 다음 사항을 기재한 의견서를 은행연합회 담당자에게 제출하여 주시기 바랍니다. 가. 규정 강화 사항에 대한 의견(찬성 또는 반대 의견과 그 사유 및 기타 참고사항) 나. 성명(단체의 경우 단체명과 대표자명), 주소 및 전화번호 다. 보내실 곳 o 이메일 : swt0363@kfb.or.kr",,,여신제도부,https://www.kfb.or.kr/include/download.php?enc_para=xLa1q68Jc9ak3G/8uGnaGTpTwpBpT3wjfp7eFu9Oc8w0vJGNURrkXKwB0SFGIaZRSFehHasx//U=,부동산 프로젝트 파이낸싱 리스크관리 모범규준 개정(안)(홈페이지 게시).hwp
