구분,법령명
법령,가상자산 이용자 보호 등에 관한 법률
법령,가상자산 이용자 보호 등에 관한 법률 시행령
법령,감정평가 및 감정평가사에 관한 법률
법령,감정평가 및 감정평가사에 관한 법률 시행령
법령,감정평가 및 감정평가사에 관한 법률 시행규칙
법령,개인금융채권의 관리 및 개인금융채무자의 보호에 관한 법률
법령,개인금융채권의 관리 및 개인금융채무자의 보호에 관한 법률 시행령
감독규정,개인금융채권의 관리 및 개인금융채무자의 보호에 관한 감독규정
법령,개인정보 보호법
법령,개인정보 보호법 시행령
법령,개인정보 보호법 시행규칙
법령,고용상 연령차별금지 및 고령자고용촉진에 관한 법률
법령,고용상 연령차별금지 및 고령자고용촉진에 관한 법률 시행령
법령,고용상 연령차별금지 및 고령자고용촉진에 관한 법률 시행규칙
법령,공공기관운영법
법령,공공기관의운영에관한법률시행령
법령,공공기관의 정보공개에 관한 법률
법령,공공기관의 정보공개에 관한 법률 시행령
법령,공공기관의정보공개에관한법률시행규칙
법령,공익신고자보호법
법령,공익신고자보호법 시행령
법령,공인회계사법
법령,공인회계사법시행령
법령,공인회계사법시행규칙
법령,공적자금관리특별법
법령,공적자금관리특별법시행령
법령,공적자금상환기금법
법령,공적자금상환기금법시행령
법령,공중 등 협박목적을 위한 자금조달행위의 금지에 관한 법률
법령,공중 등 협박목적 및 대량살상무기확산을 위한 자금조달행위의 금지에 관한 법률(2026.1.1부터)
법령,공중 등 협박목적을 위한 자금조달행위의 금지에 관한 법률 시행령
법령,공중 등 협박목적 및 대량살상무기확산을 위한 자금조달행위의 금지에 관한 법률 시행령(2026.1.1부터)
법령,공탁법
법령,국가공무원법
감독규정,국가공무원복무규정
감독규정,국가공무원복무규칙
감독규정,국가공무원복무징계에관한예규
법령,국가유공자 등 예우 및 지원에 관한 법률
법령,국가유공자 등 예우 및 지원에 관한 법률 시행령
법령,국가유공자 등 예우 및 지원에 관한 법률 시행규칙
법령,국민연금법(제124조 및 제128조제3항제4호로한정한다)
법령,국세징수법
법령,근로기준법
법령,근로기준법 시행령
법령,근로기준법 시행규칙
법령,근로자참여법
법령,근로자참여법시행령
법령,근로자참여법시행규칙
법령,근로자퇴직급여 보장법
법령,근로자퇴직급여 보장법 시행령
법령,근로자퇴직급여 보장법 시행규칙
감독규정,퇴직연금감독규정
감독규정,퇴직연금감독규정시행세칙
감독규정,금융감독원 특별사법경찰관리 집무규칙
법령,금융거래지표의 관리에 관한 법률
법령,금융거래지표의 관리에 관한 법률 시행령
감독규정,금융규제 운영규정
법령,금융복합기업집단의 감독에 관한 법률
법령,금융복합기업집단의 감독에 관한 법률 시행령
감독규정,금융복합기업집단감독규정
감독규정,금융복합기업집단감독규정시행세칙
법령,금융산업의 구조개선에 관한 법률
법령,금융산업의 구조개선에 관한 법률 시행령
법령,금융소비자 보호에 관한 법률
법령,금융소비자 보호에 관한 법률 시행령
감독규정,금융소비자 보호에 관한 감독규정
감독규정,금융소비자보호에 관한 감독규정 시행세칙
감독규정,금융분쟁조정세칙
법령,금융실명거래 및 비밀보장에 관한 법률
법령,금융실명거래 및 비밀보장에 관한 법률 시행령
법령,금융실명거래 및 비밀보장에 관한 법률 시행규칙
법령,금융위원회의 설치 등에 관한 법률
법령,금융위원회의 설치 등에 관한 법률 시행령
법령,금융위원회와 그 소속기관 직제 시행규칙
감독규정,금융위원회운영규칙
감독규정,증권선물위원회운영규칙
법령,금융중심지의 조성과 발전에 관한 법률
법령,금융중심지의 조성과 발전에 관한 법률 시행령
법령,금융지주회사법
법령,금융지주회사법 시행령
감독규정,금융지주회사 감독규정
감독규정,금융지주회사 감독규정 시행세칙
법령,금융혁신지원 특별법
법령,금융혁신지원 특별법 시행령
감독규정,혁신금융심사위원회운영등에관한규정
감독규정,혁신금융심사위원회운영등에관한규정시행세칙
법령,금융회사의 지배구조에 관한 법률
법령,금융회사의 지배구조에 관한 법률 시행령
감독규정,금융회사 지배구조 감독규정
감독규정,금융회사 지배구조 감독규정 시행세칙
법령,기간제 및 단시간근로자 보호 등에 관한 법률
법령,기간제 및 단시간근로자 보호 등에 관한 법률 시행령
법령,기간제 및 단시간근로자 보호 등에 관한 법률 시행규칙
법령,기술보증기금법
법령,기술보증기금법 시행령
법령,기술보증기금법 시행규칙
법령,기업구조조정 촉진법
법령,기업구조조정 촉진법 시행령
감독규정,기업구조조정 촉진을 위한 금융기관 감독규정
자율규제,기업구조조정 촉진을 위한 채권은행 협약
법령,기업구조조정투자회사법
법령,기업구조조정투자회사법 시행령
감독규정,기업구조조정 투자회사 등록 등에 관한 규정
법령,남녀고용평등과 일·가정 양립 지원에 관한 법률
법령,남녀고용평등과 일·가정 양립 지원에 관한 법률 시행령
법령,남녀고용평등과 일·가정 양립 지원에 관한 법률 시행규칙
법령,농림수산식품투자조합결성및운용에관한법률
법령,농림수산업자신용보증법
법령,농업협동조합법
법령,담보부사채신탁법
법령,담보부사채신탁법 시행령
법령,담보부사채신탁법 시행규칙
법령,대부업 등의 등록 및 금융이용자 보호에 관한 법률
법령,대부업 등의 등록 및 금융이용자 보호에 관한 법률 시행령
감독규정,대부업등 감독규정
감독규정,대부업등 감독규정 시행세칙
감독규정,대부업 등의 등록 및 금융이용자 보호에 관한 법률 시행령에 따른 연체이자율에 관한 규정
법령,대외무역법
법령,대외무역법 시행령
감독규정,대외무역관리규정
법령,독점규제 및 공정거래에 관한 법률
법령,독점규제 및 공정거래에 관한 법률 시행령
감독규정,불공정거래행위 심사지침
법령,동산ㆍ채권 등의 담보에 관한 법률
법령,동산ㆍ채권 등의 담보에 관한 법률 시행령
법령,동산ㆍ채권 등의 담보등기 등에 관한 규칙
법령,마약류 불법거래 방지에 관한 특례법
법령,마약류 불법거래 방지에 관한 특례법 시행령
법령,문화산업진흥 기본법
법령,문화산업진흥 기본법 시행령
법령,문화산업진흥 기본법 시행규칙
법령,민법
법령,범죄수익은닉의 규제 및 처벌 등에 관한 법률
법령,범죄수익은닉의 규제 및 처벌 등에 관한 법률 시행령
법령,법인세법
법령,법인세법 시행령
법령,법인세법 시행규칙
법령,벤처투자 촉진에 관한 법률
법령,벤처투자 촉진에 관한 법률 시행령
법령,벤처투자 촉진에 관한 법률 시행규칙
법령,보증인 보호를 위한 특별법
법령,보험사기방지 특별법
법령,보험사기방지 특별법 시행령
법령,보험업법
법령,보험업법 시행령
법령,보험업법 시행규칙
감독규정,보험업 감독규정
감독규정,보험업 감독규정 시행세칙
법령,부가가치세법
법령,부동산투자회사법
법령,부동산투자회사법 시행령
법령,부동산투자회사법 시행규칙
법령,부정수표 단속법
법령,부정수표 단속법 시행령
법령,사회기반시설에 대한 민간투자법
법령,사회기반시설에 대한 민간투자법 시행령
법령,산림조합법
법령,산업발전법
법령,산업발전법 시행령
법령,산업발전법 시행규칙
법령,상법
법령,상호저축은행법
법령,상호저축은행법 시행령
법령,상호저축은행법 시행규칙
감독규정,상호저축은행업 감독규정
감독규정,상호저축은행업 감독규정 시행세칙
법령,새마을금고법
법령,서민의 금융생활 지원에 관한 법률
법령,서민의 금융생활 지원에 관한 법률 시행령
법령,선박투자회사법
법령,선박투자회사법 시행령
법령,선박투자회사법 시행규칙
법령,소득세법
법령,소재ㆍ부품ㆍ장비산업 경쟁력 강화 및 공급망 안정화를 위한 특별조치법
법령,소재ㆍ부품ㆍ장비산업 경쟁력 강화 및 공급망 안정화를 위한 특별조치법 시행령
법령,소재ㆍ부품ㆍ장비산업 경쟁력 강화 및 공급망 안정화를 위한 특별조치법 시행규칙
법령,수산업협동조합법
법령,수산업협동조합법시행령
법령,수산업협동조합법시행규칙
법령,수산업협동조합의 구조개선에 관한 법률
법령,수입인지에 관한 법률
법령,수표법
법령,신용보증기금법
법령,신용보증기금법 시행령
법령,신용보증기금법 시행규칙
법령,신용정보의 이용 및 보호에 관한 법률
법령,신용정보의 이용 및 보호에 관한 법률 시행령
법령,신용정보의 이용 및 보호에 관한 법률 시행규칙
감독규정,신용정보업 감독규정
감독규정,신용정보업 감독업무 시행세칙
법령,신용협동조합법
법령,신용협동조합법 시행령
법령,신용협동조합법 시행규칙
감독규정,신용협동조합업 감독규정
감독규정,신용협동조합 인가지침
감독규정,신용협동조합업 감독업무 시행세칙
법령,신탁법
법령,신탁법 시행령
법령,약관의 규제에 관한 법률
법령,약관의 규제에 관한 법률 시행령
법령,약관의 규제에 관한 법률 시행규칙
감독규정,약관심사지침
법령,어음법
법령,여신전문금융업법
법령,여신전문금융업법 시행령
법령,여신전문금융업법 시행규칙
감독규정,여신전문금융업 감독규정
감독규정,여신전문금융업 인허가지침
감독규정,여신전문금융업 감독업무 시행세칙
법령,예금자보호법
법령,예금자보호법 시행령
법령,온라인투자연계금융업 및 이용자 보호에 관한 법률
법령,온라인투자연계금융업 및 이용자 보호에 관한 법률 시행령
감독규정,온라인투자연계금융업 감독규정
감독규정,온라인투자연계금융업 감독규정 시행세칙
법령,외국인투자촉진법
법령,외국인투자촉진법 시행령
법령,외국인투자촉진법 시행규칙
법령,외국환거래법
법령,외국환거래법 시행령
감독규정,외국환거래규정
감독규정,외국환거래당사자에 대한 제재규정
감독규정,외국환감독업무 시행세칙
감독규정,금융회사등의 해외진출에 관한 규정
감독규정,금융회사등의 해외진출에 관한 규정 시행세칙
법령,유사수신행위의 규제에 관한 법률
법령,유사수신행위의 규제에 관한 법률 시행령
법령,은행법
법령,은행법 시행령
감독규정,은행업 감독규정
감독규정,은행업 감독업무 시행세칙
법령,이중상환청구권부 채권 발행에 관한 법률
법령,이중상환청구권부 채권 발행에 관한 법률 시행령
법령,인지세법
법령,인터넷전문은행 설립 및 운영에 관한 특례법
법령,인터넷전문은행 설립 및 운영에 관한 특례법 시행령
법령,자본시장과 금융투자업에 관한 법률
법령,자본시장과 금융투자업에 관한 법률 시행령
법령,자본시장과 금융투자업에 관한 법률 시행규칙
감독규정,증권관련 집단소송법
감독규정,금융투자업규정
감독규정,금융투자업규정 시행세칙
감독규정,증권의 발행 및 공시 등에 관한 규정
감독규정,증권의 발행 및 공시 등에 관한 규정 시행세칙
감독규정,자본시장조사 업무규정
감독규정,자본시장조사 업무규정 시행세칙
감독규정,단기매매차익 반환 및 불공정거래조사ㆍ신고등에 관한 규정
법령,자산유동화에 관한 법률
법령,자산유동화에 관한 법률 시행령
감독규정,자산유동화업무 감독규정
법령,장애인고용촉진 및 직업재활법
법령,장애인고용촉진 및 직업재활법 시행령
법령,장애인고용촉진 및 직업재활법 시행규칙
법령,전기통신금융사기 피해 방지 및 피해금 환급에 관한 특별법
법령,전기통신금융사기 피해 방지 및 피해금 환급에 관한 특별법 시행령
감독규정,전기통신금융사기 피해 방지 및 신고포상금에 관한 규정
감독규정,전기통신금융사기 피해 방지 및 신고포상금에 관한 규정 시행세칙
법령,전자금융거래법
법령,전자금융거래법 시행령
감독규정,전자금융감독규정
감독규정,전자금융감독규정 시행세칙
법령,전자무역촉진에 관한 법률
법령,전자서명법
법령,전자어음의 발행 및 유통에 관한 법률
법령,정보통신망 이용촉진 및 정보보호 등에 관한 법률
법령,정부보관금에 대한 법률
법령,조세특례제한법
법령,주식·사채 등의 전자등록에 관한 법률
법령,주식·사채 등의 전자등록에 관한 법률 시행령
감독규정,전자등록업규정
법령,주식회사 등의 외부감사에 관한 법률
법령,주식회사 등의 외부감사에 관한 법률 시행령
법령,주식회사 등의 외부감사에 관한 법률 시행규칙
감독규정,외부감사 및 회계 등에 관한 규정
감독규정,외부감사 및 회계 등에 관한 규정 시행세칙
감독규정,회계관련 부정행위 신고 및 포상 등에 관한 규정
법령,주택법
법령,주택법 시행령
법령,주택법 시행규칙
법령,중소기업기본법
법령,중소기업기본법 시행령
법령,중소기업은행법
법령,중소기업은행법 시행령
법령,집행관법
법령,채권의 공정한 추심에 관한 법률
법령,채권의 공정한 추심에 관한 법률 시행령
법령,채무자 회생 및 파산에 관한 법률
법령,채무자 회생 및 파산에 관한 법률 시행령
법령,채무자 회생 및 파산에 관한 규칙
법령,특정경제범죄 가중처벌 등에 관한 법률
법령,특정경제범죄 가중처벌 등에 관한 법률 시행령
법령,특정 금융거래정보의 보고 및 이용 등에 관한 법률
법령,특정 금융거래정보의 보고 및 이용 등에 관한 법률 시행령
감독규정,특정 금융거래정보 보고 및 감독규정
감독규정,특정 금융거래정보 보고 등에 관한 검사 및 제재규정
감독규정,자금세탁방지 및 공중협박자금조달금지에 관한 업무규정
법령,한국산업은행법
법령,한국산업은행법 시행령
법령,한국수출입은행법
법령,한국수출입은행법 시행령
법령,한국은행법
법령,한국은행법시행령
법령,한국자산관리공사설립등에관한법률
법령,한국자산관리공사설립등에관한법률 시행령
법령,한국주택금융공사법
법령,한국주택금융공사법 시행령
법령,한국주택금융공사법 시행규칙
감독규정,한국주택금융공사 감독규정
감독규정,한국주택금융공사 감독규정 시행세칙
법령,한국투자공사법
법령,할부거래에 관한 법률
법령,할부거래에 관한 법률 시행령
법령,할부거래에 관한 법률 시행규칙
법령,해외자원개발사업법
법령,형법
법령,화재로 인한 재해보상과 보험가입에 관한 법률
법령,화재로 인한 재해보상과 보험가입에 관한 법률 시행령
법령,화재로 인한 재해보상과 보험가입에 관한 법률 시행규칙
감독규정,금융기관분담금 징수 등에 관한 규정
감독규정,금융기관검사및제재에관한규정
감독규정,금융기관 검사 및 제재에 관한 규정 시행세칙
감독규정,금융기관채권대손인정업무세칙
감독규정,금융기관의 업무위탁 등에 관한 규정
감독규정,부실금융기관 대주주의 경제적 책임부담 기준
감독규정,법령해석 및 비조치의견서 업무처리에 관한 운영규칙
감독규정,금융회사의 정보처리 업무 위탁에 관한 규정
